ph,TDS,Hardness,Turbidity
7.77,492.381,472.556,4.3
6.77,359.747,516.326,3.9
6.83,483.977,214.151,4.5
7.36,536.42,366.902,2.9
8.07,428.807,511.639,3.8
8.79,422.261,529.522,2.4
8.08,330.985,565.922,4.4
8.76,335.288,402.129,1.7
6.81,487.061,457.095,4.2
8.62,511.976,502.383,3.6
7.83,429.584,362.709,3.7
8.65,324.617,211.482,3.2
7.77,281.285,496.746,4
8.29,538.731,589.006,4.6
6.61,476.317,478.032,2.8
7.47,322.386,438.968,2.2
7,407.898,250.764,1.2
7.5,281.773,251.88,4.8
7.83,362.062,352.327,2.7
6.82,528.406,468.33,1.4
7.4,307.272,479.389,4.3
8.4,346.002,241.29,2.9
7.65,314.078,512.405,3.8
7.04,270.981,460.772,2.4
7.96,440.581,486.921,3.1
8.33,357.38,292.04,1
6.7,274.861,302.291,3.3
6.71,391.298,557.523,4.9
7.56,263.318,327.664,4.5
8.63,393.837,340.357,2.8
8.15,293.736,491.911,3.5
7.52,382.019,560.418,4.2
8.64,485.337,237.917,4.2
8.4,429.27,250.223,4.7
6.56,510.298,569.939,4
6.95,546.619,386.084,3.6
7.67,378.283,506.035,2.7
7.86,337.076,279.676,1.2
6.59,414.312,315.467,1.3
8.71,446.62,553.294,1.8
7.86,436.681,278.562,1.5
7.88,392.596,464.561,3.4
8.69,445.427,313.616,1.8
7.15,272.811,264.315,2.7
7.64,512.736,525.205,3.7
7.28,354.918,426.416,2
7.56,456.046,405.158,4.6
6.61,424.801,243.362,1.4
6.71,472.751,304.196,1.1
8.09,301.788,446.082,1.5
7.81,335.653,492.777,5
8.74,274.464,392.633,2.6
8.8,507.355,367.503,4.5
7.85,271.533,494.671,4.1
6.84,279.529,533.576,4.4
7.68,281.999,306.484,3.1
8.81,428.705,210.799,4.1
7.18,515.489,587.737,4.9
8.23,482.204,371.579,1.6
7.63,311.472,447.705,3.3
6.77,253.632,285.063,3.8
6.9,320.548,538.308,3.3
8.82,545.81,477.948,4.8
6.63,412.015,205.782,3.3
8.51,421.26,433.094,3.2
6.54,332.049,458.1,3.7
8.71,380.26,221.144,2.7
8.77,453.185,384.196,4.6
8.72,340.499,434.022,3.8
8.23,389.269,470.01,4.3
8.21,463.74,564.726,3.3
8.97,405.445,427.574,2.7
7.09,383.655,531.875,1.4
7.93,396.635,224.648,4.6
6.64,361.207,523.318,2.7
7.27,467.457,322.322,1.5
6.79,302.191,559.427,2.8
8.95,393.11,523.393,4.5
8.69,463.897,555.291,1.1
8.6,487.495,562.384,4.8
7.4,392.413,444.663,3.7
7.67,374.935,318.421,1.8
8.65,339.449,317.192,4.8
7.3,319.764,567.279,1.8
8.49,321.687,316.444,4
7,332.574,417.707,4
8.44,435.195,473.47,1.6
6.81,510.603,446.265,2.4
7.43,300.231,266.038,3.2
8.99,391.103,247.125,4.3
7.67,515.965,266.921,3
8.8,480.44,348.497,2.8
6.66,361.775,320.342,1.5
8.93,458.774,349.75,1.8
6.54,335.027,294.638,4.1
7.49,275.563,536.465,4.6
7.29,426.495,240.649,2.1
7.73,347.183,268.6,2.8
7.99,444.349,263.312,2.8
8.91,378.008,386.723,2.9
7.71,351.259,371.652,2.4
7.16,280.731,584.5,4.1
8.78,297.265,528.791,1.4
8.74,335.92,575.814,4.4
8.35,533.565,563.26,3.3
7.13,451.373,527.925,2.2
8.23,287.734,573.136,1.5
7.85,373.266,316.764,1.3
8.23,535.272,237.973,3.4
7.06,431.059,425.524,4.2
7.81,513.005,225.455,3.4
7.83,282.56,486.443,3
6.82,251.38,245.208,2.6
7.18,367.877,230.731,3.1
8.14,324.378,331.673,4.9
8.38,496.91,540.882,1.6
8.78,265.805,433.253,4.6
8.22,280.652,313.603,2.2
8.49,407.466,206.627,3.7
7.21,257.37,478.196,1.2
6.79,316.356,308.291,2.5
7.63,408.278,385.677,1.7
6.9,286.584,270.382,1.3
7.84,495.293,286.326,4.4
7.54,410.848,516.54,4.9
8.47,355.294,243.124,2.1
8.91,493.456,578.645,1.5
7.87,508.544,561.801,2.2
7.42,442.231,528.556,2.2
6.89,422.827,232.368,2.9
6.56,327.204,591.141,4.9
7.17,320.426,565.578,3.3
7.93,252.577,549.366,4.1
6.98,390.878,474.067,4.2
7.14,381.113,251.144,3.9
6.52,308.252,449.311,4.1
8.42,394.358,229.75,1.2
7.87,474.013,308.848,3.6
7.4,522.261,361.063,3.2
8.71,261.192,298.437,3.4
7.53,491.433,336.178,2.3
6.53,383.87,546.593,4
7.45,294.422,212.031,3.1
7,465.673,201.405,2.1
7.34,529.803,438.351,2.9
7.5,293.951,526.577,4.5
7.88,519.787,312.738,4.5
8.18,365.986,441.586,1.4
8.57,440.962,592.86,1.5
6.91,430.451,235.129,5
8.38,255.728,346.519,1.7
8.8,356.842,357.685,3.6
6.5,299.756,233.406,1.7
8.47,505.898,439.171,1.7
8.96,484.042,502.807,1.6
7.58,473.706,210.17,4
6.65,464.081,550.213,3.4
7.83,539.081,415.86,3.8
8.41,377.573,499.707,1.9
7.91,471.924,546.661,4.6
8.47,310.306,418.878,1.4
8.46,428.539,502.167,4.6
7.93,385.027,400.162,2.7
8.29,545.389,248.916,4
8.76,323.327,544.349,4.4
7.92,491.681,524.883,4.1
6.57,320.394,272.959,3.8
7.11,384.678,483.893,2
8.9,436.252,545.096,4.1
7.37,393.231,345.778,4.3
7.86,361.187,566.91,4.7
7.06,521.291,471.497,2.6
7.06,409.444,581.008,3.7
7.51,304.139,352.688,2.6
7.73,435.42,267.198,1.2
8.89,363.541,356.213,3.4
7.95,307.627,376.422,2.1
6.86,395.742,230.613,4.4
6.67,501.37,256.385,1.6
7.47,449.698,389.303,4.6
7.95,456.667,239.339,2.4
7.18,524.949,324.348,5
7.97,316.167,548.906,1.7
7.98,459.025,421.848,2.1
7.29,432.155,340.84,2.4
6.92,265.409,266.579,2.9
8.74,289.796,414.094,3.6
8.39,404.167,326.379,3.2
8.01,531.734,211.841,3.6
7.29,362.107,586.119,4.5
6.82,279.811,442.363,2.8
7.15,290.876,446.315,1.4
8.61,532.646,510.833,1.9
6.51,457.324,566.503,3.1
6.68,503.515,582.157,2.3
7.05,347.745,423.67,2.4
8.13,254.49,269.504,3.8
7.27,503.588,374.172,3.5
7.38,327.966,314.659,1.8
8.12,356.606,588.452,3.5
8.44,333.126,247.127,3.2
8.31,540.984,419.076,3.1
8.97,450.948,538.719,2.8
8.3,547.279,386.547,2.7
7.7,359.488,349.951,1.6
6.77,344.483,494.259,1.7
7.11,448.99,287.862,4.3
8.28,330.352,319.04,2.9
8.71,441.516,426.558,1.4
8.66,519.5,523.664,4.7
7.09,328.362,392.923,1
8.59,283.016,254.171,3.7
6.76,330.066,268.832,4.7
7.93,514.783,431.247,4.4
8.37,368.644,497.834,2.6
7.82,317.708,590.886,2.4
6.53,494.298,356.93,4.2
7.28,518.12,347.267,3.5
7.14,540.176,451.186,5
8.57,389.394,258.105,4.9
7.6,426.189,435.502,2.3
8.25,394.24,517.945,4.2
7.49,339.723,206.138,2.1
8.31,319.142,306.002,4
7.58,491.732,536.181,2.8
7.04,303.657,222.266,4.7
8.78,549.644,506.008,3.7
8.09,421.276,310.225,2.3
8.07,303.63,301.592,4.7
8.05,421.62,476.506,3.1
7.79,373.95,596.406,2.1
7.59,251.15,454.783,2.7
7.38,409.686,362.117,3.7
6.62,423.901,472.902,5
6.6,487.224,363.805,2.4
6.86,263.733,408.277,4.4
8.06,545.61,229.975,1
7.28,422.153,379.055,3.4
7.15,465.349,319.401,3.4
8.47,335.622,476.83,4.8
6.57,407.593,441.692,1.9
7.31,473.404,458.655,3.5
8.09,286.471,479.606,1.9
6.57,270.533,216.161,2
8.83,457.142,423.365,3.3
8.83,472.625,423.004,2.3
7.85,342.3,540.384,4.4
8.1,367.512,473.852,4
7.78,312.288,456.535,2.8
7.68,495.338,532.24,1.7
6.81,307.272,310.846,4.5
6.97,470.96,202.306,1.5
7.5,454.32,256.263,3.7
8.72,367.726,467.546,2
7.07,493.633,547.892,4.5
8.56,417.716,511.419,4.5
8.43,319.914,543.055,2.1
7.96,281.954,529.172,4
8.11,268.236,367.403,2.7
7.16,409.233,486.235,4.6
8.09,307.284,201.112,1.6
7.81,518.477,472.395,1
7.34,328.782,280.957,3.2
7.4,373.746,237.862,3.8
7.79,460.913,425.405,1.5
7.97,415.241,324.009,2.2
6.95,549.731,255.302,2.5
8.69,303.859,303.348,3.5
8.54,333.681,447.688,2.8
8.77,352.174,411.54,4.4
8.69,277.288,289.898,3.6
7.14,429.129,475.002,3.1
7.77,325.878,439.419,4.6
8.03,268.84,528.276,1.3
6.98,292.294,401.175,3.7
7.6,414.67,504.13,4.4
7.61,348.537,267.997,2.2
8.51,492.668,368.514,4.3
8.87,470.229,402.709,2.2
8.61,352.057,326.815,4.2
7.99,494.021,538.188,3.9
8.16,315.971,493.357,1.8
7.38,420.381,574.263,2.1
6.72,435.316,323.605,1.3
8.9,387.089,344.419,2.1
7.67,410.401,359.464,3.9
7.37,312.845,515.469,4.7
6.57,250.428,499.745,2
7.87,297.884,458.535,3.7
7.66,250.088,251.695,2.6
7.55,268.845,362.318,3
7.2,265.911,576.326,4.5
6.66,477.725,412.484,3.3
7.84,486.983,254.207,4.3
7.23,393.46,434.702,1
7.09,477.695,551.713,4.7
7.02,523.213,354.192,1.1
8.65,542.449,504.284,3.7
8.09,489.142,527.256,4.1
8.87,262.759,446.085,2.7
7.43,297.987,433.774,1.9
7.85,396.174,354.66,2.3
7,474.393,551.492,3.1
8.86,424.884,521.285,4
7.84,480.286,529.427,2.5
8.89,319.027,472.479,2.6
6.7,351.727,271.998,1.8
8.05,314.315,416.244,3.4
6.7,361.331,328.353,1.7
8.79,263.936,352.797,3.2
7.52,401.025,315.056,2.3
6.85,387.918,316.489,1.9
8.99,430.222,246.149,3.2
6.84,339.781,405.681,1.3
8.46,303.583,322.336,2.8
7.82,497.766,352.232,2
8.29,402.065,508.001,3.7
7,413.927,484.306,2.8
6.71,441.957,448.484,1.4
8.13,509.066,279.926,4.2
7.26,522.911,242.227,4.9
8.76,443.468,260.076,3.5
8.64,500.54,575.379,4.6
7.67,345.805,463.271,4.1
7.43,546.67,247.423,2.6
6.71,430.31,331.636,1.9
6.93,394.375,387.902,3.7
8.76,479.295,349.747,4.2
8.83,527.2,440.604,2.8
7.07,508.07,586.03,1.9
7.27,546.457,438.681,4
8.02,255.024,429.236,1.2
8.46,353.368,273.874,3.5
7.7,446.041,455.081,3.8
7.65,492.447,568.675,2.5
6.96,431.089,422.376,1
8.21,285.326,207.725,4.4
7.6,273.59,375.103,3.2
6.62,265.08,579.954,1.1
6.56,321.845,246.811,1.8
8.14,489.551,492.662,3.2
8.03,276.709,482.563,3.5
8.81,270.47,475.65,1.4
7.69,260.483,419.702,2.7
7.35,341.278,263.37,2.1
6.59,348.168,398.396,2.5
8.26,267.191,456.857,4.4
7.39,507.086,244.722,1.5
8.59,424.932,255.06,1.2
8.52,342.192,491.069,3.8
7.22,326.747,598.883,2.4
7.18,259.016,518.32,1.1
7.57,390.414,387.999,1.3
6.77,378.373,534.495,3.6
8.85,368.203,384.439,4.4
8.76,262.241,405.873,2.9
8.89,493.507,460.915,1.4
6.97,413.419,502.486,3.4
8.98,429.082,472.561,3
6.9,394.298,478.454,1.7
8.91,361.502,449.739,3.2
8.33,405.733,359.777,1.4
8.71,369.217,583.223,1.1
7.68,369.822,546.167,2.3
8.1,313.109,455.89,3.5
8.78,383.048,360.764,4.5
7.62,423.931,441.815,3
8.37,329.235,209.888,3.2
6.84,329.353,206.013,2.6
7.11,345.883,596.204,5
8.97,357.807,523.25,4.9
8.66,363.511,242.728,4.7
6.96,523.552,436.49,1.8
7.89,294.82,566.823,1.1
6.91,540.026,499.772,2.9
7.24,521.423,326.91,2.5
7.66,347.993,208.707,2.6
7.86,456.709,227.891,1.8
7.72,543.881,462.601,4.7
8.41,277.804,374.08,2.8
6.91,528.841,233.108,1.8
6.64,479.346,482.368,5
8.27,363.105,517.218,2.2
7.15,541.472,219.617,4.6
8.33,250.898,521.145,2.9
7.54,406.328,531.109,2.9
8.23,312.836,369.627,4.4
8.82,328.466,411.301,4.5
8.78,411.713,210.216,3.3
8.09,365.299,319.05,2.5
7.11,457.676,531.158,4.9
8.2,451.581,286.084,2.6
8.77,341.828,446.725,1.3
7.2,305.379,310.414,1.3
8.14,393.341,236.821,1.1
8.87,395.549,213.601,3.2
6.87,470.911,213.741,3
6.96,280.723,361.021,1
8.58,255.345,387.921,2.2
7.68,475.588,224.068,3
7.09,472.63,576.95,1.1
6.9,436.068,409.036,1.3
8.45,385.064,206.099,2.1
8.18,428.097,538.025,4.4
8.76,276.04,321.984,1.2
6.75,362.951,472.44,3.3
7.93,349.232,237.555,2.3
6.55,318.448,340.965,4.7
7.79,414.185,414.107,1.4
8.97,446.753,507.575,1.5
8.22,433.228,419.442,3.3
8.23,505.059,491.922,3.8
8.38,324.7,577.356,1.1
8.05,250.089,290.622,1
6.66,508.576,232.547,1.3
8.85,393.188,294.303,3.5
7.78,357.654,401.354,3.9
7.34,309.336,593.67,2.3
7.42,254.529,374.225,1.8
8.06,513.605,232.585,4.7
8.31,541.579,420.058,2
7.77,442.846,414.427,1.9
8.17,255.115,312.146,4
8.13,381.031,369.487,2.8
7.63,373.177,528.457,5
7.64,373.339,431.984,3
7.45,272.592,207.251,2.6
8.05,352.317,572.419,4.4
8.27,537.619,545.865,3.6
8.72,465.819,524.088,1.1
6.88,287.183,349.329,2
6.91,297.416,285.256,2.6
7.57,479.888,290.844,2.9
8.76,283.73,476.21,2.6
7.94,501.065,485.334,2
8.99,345.549,274.976,1.2
7.46,531.831,342.138,4.3
8.72,370.261,265.234,2.6
7.96,399.582,373.07,4.8
6.78,535.015,464.428,2.8
7.44,473.12,585.652,2.4
8.75,432.16,462.726,4.3
7.39,357.181,408.853,1.3
6.87,426.846,530.213,3.3
6.98,324.846,305.918,4.6
6.87,434.099,414.649,2.9
8.9,386.251,269.153,1.6
6.81,345.473,398.642,3.8
8.18,278.691,547.89,2.7
6.93,488.112,249.904,2.7
8.78,497.148,236.655,4.9
8.27,458.929,588.936,2.1
6.63,453.126,519.657,2
7.83,436.173,269.374,1.3
8.83,522.254,248.509,3.6
8.24,542.163,543.064,4.8
7.03,401.821,522.141,3.3
7.46,538.034,274.489,1.2
8.31,331.423,411.815,3.4
8.25,357.645,471.289,4
6.52,419.668,420.81,4.8
8.29,347.956,289.517,3
7.91,469.113,560.078,2
8.54,358.25,568.333,1.1
7.92,529.177,348.162,3.7
7.58,323.231,493.616,2
6.59,325.918,505.416,2.2
8.01,468.255,422.47,4.7
8.18,326.509,234.722,1.3
8.44,420.909,519.921,2.2
7.56,308.854,594.545,3.8
8.61,382.466,401.806,1.7
8.21,400.795,239.903,2.4
7.54,300.93,396.188,2.4
6.98,440.825,237.372,2.1
7.2,351.2,252.724,2.2
6.87,297.882,375.171,1.7
7.65,525.182,309.997,4.5
8,510.543,567.315,4
6.59,429.486,420.891,4.4
8.86,308.262,436.563,3.9
7.28,447.856,253.074,2.4
6.91,487.025,455.922,3.1
8.81,279.676,439.245,1.2
8.87,279.076,298.722,4.5
8.75,309.735,327.005,1.3
7.97,528.136,273.697,1.3
8.5,383.548,405.813,4.1
8.38,355.733,357.717,2.4
7.1,504.298,362.438,3.7
6.59,312.246,488.974,4.8
8.49,260.971,487.425,4.4
7.64,335.204,449.678,4.7
7.42,518,360.212,2
7.66,488.111,545.632,2.6
6.85,269.748,519.784,3.8
8.44,401.295,305.576,4.6
6.81,363.707,369.489,1.3
8.54,488.903,405.4,4.6
7.65,262.2,311.455,1.2
6.64,546.57,271.513,4.9
7.79,273.229,416.048,1.6
6.59,332.272,218.907,1.9
7.65,312.169,518.464,1
7.49,286.168,283.45,3.3
7.24,460.51,271.385,3.8
7.9,439.299,544.07,1.7
8.37,401.606,510.823,3
8.58,431.872,481.24,4.8
8.25,289.197,456.019,4.3
8.68,506.801,414.953,2.5
8.28,486.952,553.146,4.3
6.99,293.65,243.724,2.8
8.12,438.58,231.841,4.5
8.41,507.191,562.566,3.6
7.11,367.665,503.365,2.3
8.17,537.069,437.529,1.8
6.85,398.778,218.729,4.3
6.97,412.504,364.393,3.4
8.22,259.353,583.235,4.5
8.56,549.118,424.983,3.9
8.77,521.95,419.353,2.4
7.7,525.309,286.459,2.7
8.05,491.381,421.554,1.3
8.97,427.333,468.574,3.6
7.2,365.313,369.416,4.2
6.92,411.382,209.406,3.7
6.93,544.528,416.647,4.6
8.15,499.371,536.526,2.2
7.92,526.031,448.608,3.3
7.71,465.828,264.933,4.8
7.67,507.187,343.98,3.9
8.49,399.051,526.466,4.8
8.5,444.563,559.639,1.6
7.48,516.533,455.562,4.9
7.67,371.67,282.537,4.1
7.55,352.111,219.84,3.3
7.7,313.242,583.594,4.9
8.76,432.908,432.995,3.5
8.75,310.523,380.379,1.2
6.67,292.902,567.897,1.4
7.14,493.51,422.278,4.4
8.52,521.846,428.576,2.3
6.61,443.955,395.766,3.3
6.99,453.723,360.899,1.3
8.84,387.984,204.852,4
7.92,507.989,387.506,3.5
7.64,301.209,398.248,4.9
7.03,357.474,558.971,2.6
7.01,433.62,524.889,2.3
7.15,506.512,241.728,3.7
7.4,280.652,283.758,4.4
6.58,457.723,461.603,1.4
8.57,508.137,267.56,1.9
7.55,514.985,509.888,3.3
8.38,322.846,333.572,2
8.23,472.708,299.024,2.5
7.84,325.043,455.17,4.4
6.64,319.275,363.37,2.9
8.53,428.89,541.338,1.8
6.59,375.688,262.299,4.3
8.11,465.158,593.769,1.1
8.47,383.866,241.526,4.3
8.3,321.993,311.431,4.1
6.86,441.698,508.638,2.8
7.04,531.575,383.407,2
8.65,531.893,369.922,3.5
7.39,285.719,238.839,2.2
8.09,367.229,395.548,4.6
8.94,458.951,202.686,1.1
8.31,480.424,556.382,1.9
7.63,389.668,398.981,3.9
6.84,375.229,270.977,4.6
7.27,251.083,265.749,1.8
7.43,493.227,570.261,2.6
7.07,299.308,416.588,3.9
7.21,415.037,365.231,3.2
6.61,405.041,504.048,1.1
7.18,513.799,235.505,2.8
6.51,428.729,390.354,1.8
8.93,466.353,494.495,4.2
8.7,536.716,412.273,3.6
8.89,408.988,477.058,2.9
6.66,278.536,534.096,1.1
6.69,482.99,390.311,1.5
7.05,338.661,570.803,3.3
6.95,343.561,207.864,2.8
7.02,271.354,368.263,3.6
7,541.205,245.629,2.4
8.31,475.84,334.548,2.8
7.89,474.919,595.856,2.9
7.67,518.744,329.099,3
6.57,276.455,328.956,3.1
8.85,348.757,373.495,3.6
8.26,306.135,494.723,3.7
7.94,534.059,500.689,4
8.59,343.238,541.915,3.7
7.34,309.761,211.632,4.1
7.78,536.237,549.541,1.1
8.13,356.234,212.804,3
7.23,548.817,341.101,1.6
7.09,374.218,445.488,3.4
6.58,479.664,359.411,3.3
8.29,265.84,281.234,4.2
8.76,511.541,239.393,2.2
8.97,296.629,524.029,1.8
7.81,326.345,245.896,3.7
6.63,347.813,595.591,3.3
7.37,543.419,523.068,2.7
6.93,510.786,409.409,4.3
7.11,262.328,563.277,4.7
7.13,288.822,411.877,2.4
7.04,423.488,332.141,2.3
7.61,433.31,264.085,3.5
7.69,484.087,301.494,4.8
7.41,386.018,585.765,2.7
8.43,273.86,228.429,2.6
7.79,340.56,433.145,2.4
8.49,503.111,437.231,3.8
6.85,518.373,279.362,2.6
6.97,285.773,564.721,4.6
8.31,526.039,253.253,2.5
7.03,348.307,228.851,4.4
6.55,448.495,327.992,1.6
6.96,344.134,454.021,4.8
7.42,298.142,537.258,1.3
7.36,268.535,411.176,1.3
6.95,314.899,496.502,1.5
7.89,536.291,288.64,2.6
7.38,404.954,418.649,4.1
7.69,447.538,482.576,3
8.91,394.428,550.174,3.6
7.35,315.364,375.286,2.2
8.47,358.749,526.397,2.1
7.38,319.515,556.456,4.1
8.7,436.667,269.974,2.6
7.32,269.517,303.34,3
7.56,323.251,597.024,4.4
8.51,372.607,584.058,4.5
8.14,466.207,206.446,3.2
8.66,265.218,298.96,1.1
7.37,321.47,485.743,1.6
7.47,265.933,231.222,2.5
8.34,260.448,452.525,4.9
8.96,444.163,238.41,3.3
7.91,404.071,262.862,4.5
7.46,263.465,396.631,2.2
7.77,535.516,467.963,4.8
7.27,430.414,472.807,2.4
7.56,461.348,283.36,4.3
7.45,548.909,565.54,4.6
8.02,406.348,537.504,4.9
7.99,374.361,413.677,3.3
8.44,302.107,516.749,3.9
8.45,532.987,478.816,2.9
7.35,284.961,262.271,1.5
6.79,270.929,452.421,4.9
7.14,344.95,249.621,3.1
7.51,261.293,235.216,3.3
6.97,455.117,564.471,1.8
7.31,532.129,530.007,1.7
6.75,500.885,400.944,4.1
7.57,542.91,588.886,5
7.06,322.604,323.027,4.1
8.44,363.975,432.664,2.3
7.85,376.339,329.326,1.9
6.91,541.992,296.246,4.8
8.96,443.007,237.32,4.1
6.51,508.92,482.516,2.8
8.32,404.534,244.181,2.7
8.95,524.47,507.366,1.8
6.83,387.331,324.007,2
6.7,250.058,377.033,2.6
7.26,437.366,378.576,4
8.79,507.235,383.818,4.6
7.92,260.506,487.018,1.8
7.75,525.222,453.94,3.5
7.18,432.21,389.327,4
6.59,454.48,403.54,2.2
7.9,447.761,559.919,2.4
8.34,353.173,554.213,4.9
7.51,340.286,376.423,2.7
8.12,417.39,320.565,2.6
8.39,383.825,276.598,2.3
7.89,472.744,326.579,4.6
7.89,520.055,222.398,4.1
6.99,273.861,485.307,4.2
7.21,306.347,221.205,4.6
7.23,284.462,470.984,3.7
7.18,298.733,409.031,4.5
7.24,525.304,288.17,4.9
7.32,424.403,362.849,1.2
6.67,271.878,448.753,1.3
7.48,527.231,551.902,1.4
8.41,421.133,235.466,3.4
7.46,412.508,497.954,4.3
8.94,288.679,496.89,1.4
7.82,256.266,560.637,1.5
6.84,359.467,535.715,2.1
8,319.65,290.631,4.2
6.74,302.027,454.03,4.6
7.86,345.029,491.593,4
8.46,269.752,443.799,1.6
7.25,271.803,507.803,3.2
7.15,267.323,240.607,2.1
8.99,257.125,508.232,3.8
7.63,334.555,298.886,1.4
7.21,445.542,456.486,4.6
7.34,263.35,235.838,3.9
8.08,535.477,223.891,1.8
6.9,410.023,580.435,2.4
7.25,470.105,420.927,3.8
7.62,525.896,238.101,1.4
6.57,281.363,416.358,4.5
8.59,276.397,556.555,3
7.85,458.674,311.955,3.6
6.91,540.329,402.576,2.4
8.03,431.748,335.021,4.9
7.85,535.771,582.926,2.2
8.91,395.284,511.125,2.5
7.55,312.158,541.186,2.7
7.04,517.045,371.172,4
7.66,420.326,450.235,1.3
6.77,335.654,237.82,4.4
8.18,516.614,469.17,2
6.7,257.78,502.958,3.1
8.01,287.546,502.216,4
8.2,433.457,391.156,4.3
6.84,527.323,409.981,4.6
8.05,448.621,500.691,4.6
8.49,391.991,391.826,4.2
6.76,370.059,544.705,2.2
6.52,321.757,263.75,4.7
7.65,268.004,512.106,4.2
8.29,449.074,329.037,2.8
7.57,439.101,509.935,3.8
6.63,463.966,478.733,3.8
8.54,500.603,547.352,2
6.68,382.511,249.877,4.7
8.37,395.454,499.61,1.3
7.05,546.879,386.438,2
7.51,258.789,313.945,2.4
8.55,358.32,448.36,2.9
7.26,251.64,351.251,1.5
7.63,370.363,563.392,5
8.17,544.302,301.647,5
8.85,312.809,358.589,2.4
8.61,454.234,497.748,3.6
6.91,457.455,554.388,2.5
8.17,474.402,569.991,4.6
7.8,536.893,454.562,4.3
7.4,350.91,509.393,1.7
7.51,294.915,529.907,2.7
8.45,478.685,390.122,1.3
8.88,328.254,508.236,2
8.68,415.86,423.887,3.1
8.88,348.531,254.74,1.4
8.91,536.694,461.038,1.2
6.85,294.37,512.957,2.2
6.54,503.14,501.628,3.2
7.92,530.427,475.447,1.1
8.59,492.039,402.047,3.3
7.41,407.179,531.767,4.7
7.5,323.033,201.664,3.4
6.68,526.766,525.013,3.3
7.42,545.141,224.162,3.5
8.88,324.959,320.771,3.6
6.71,416.511,337.621,2.5
6.72,275.386,410.007,2.6
8.04,523.611,325.9,3
6.91,338.024,509.543,4.3
7.74,516.348,378.913,3.7
8.58,358.552,507.832,3.5
7.09,272.657,246.768,1.8
6.61,356.539,586.113,3.8
8.76,453.014,454.264,1.4
8.85,526.329,422.429,3.3
8.72,334.859,225.737,4.1
8.52,538.003,540.947,1.8
8.71,482.236,547.504,2.8
6.9,294.25,290.097,4.7
7.68,256.054,567.823,1.1
8.58,349.807,328.331,1.5
7.35,516.031,377.725,1.5
7.38,253.366,451.996,1.4
8.94,336.002,482.895,4
8.61,284.423,321.454,1.1
7.09,492.307,239.524,3.8
7.63,487.878,206.491,1.7
6.91,377.444,233.609,1.8
7.15,453.546,285.11,4.7
6.96,390.264,324.968,3.5
7.49,258.063,477.027,2.9
7,524.096,503.618,1.3
7.82,496.087,523.545,1.9
8.37,354.237,259.825,3.8
7.81,503.111,410.039,3.3
8.7,300.04,422.189,4.6
8.75,501.13,583.432,2
8.22,331.275,396.1,4.1
8.39,426.764,511.08,1.4
6.64,474.352,242.664,3.7
7.32,442.672,387.748,2.3
8.04,431.067,255.072,3.9
7.91,485.529,492.259,4.8
8.73,456.203,435.092,3.7
8.41,440.21,453.55,4
7.27,334.817,485.865,3.9
7.08,447.996,287.789,3.1
8.22,348.043,423.96,3.5
7.76,549.613,239.646,2.5
7.32,497.956,259.163,3
8.95,355.312,429.794,2.8
6.97,520.803,596.028,3.1
7.83,455.344,384.502,5
8.8,406.445,256.221,1.9
8.8,296.33,526.282,2.2
8.96,288.599,235.777,4.9
8.72,446.64,591.329,4.9
6.72,311.564,544.498,2.5
7.62,356.798,585.943,4
8.4,536.156,460.836,3.4
7.53,276.036,483.653,2.8
7.2,290.267,267.665,4.3
6.76,409.317,242.827,3.2
7.69,336.153,459.155,1.5
7.68,454.937,300.602,4.2
7.92,492.315,536.334,1.1
7.95,333.06,394.258,1.9
6.89,364.115,430.091,4.1
8.6,501.074,239.069,3.3
8.2,549.525,497.487,2.7
7.06,520.033,253.524,2.2
6.81,398.851,407.212,4.9
6.89,387.261,568.063,1.3
7.26,286.06,466.424,2.7
9,497.549,285.137,3.2
8.06,298.108,431.414,2.7
7.21,331.094,426.217,1.7
8.74,406.946,404.321,3.5
8.55,482.533,452.187,2.1
7.11,444.27,394.248,4.2
7.67,498.945,569.384,1.9
8.85,293.876,553.029,3.8
8.61,281.638,424.053,2.1
7.56,352.569,448.421,2.8
8.53,337.888,502.471,4.8
8.81,519.139,313.365,2.4
7.87,282.563,471.684,1.2
7.31,471.052,476.918,3.8
8.28,252.195,594.375,2.3
8.54,514.549,302.485,4.8
8.28,297.716,488.908,2
6.88,375.689,476.596,1.9
6.62,444.993,443.56,4.4
8.59,354.754,387.896,4.7
7.99,497.837,239.226,4.7
8.5,252.987,296.607,4.4
6.77,462.599,307.127,4.1
7.79,308.595,518.904,4.2
8.99,423.43,407.999,1.3
6.8,405.387,577.23,4.9
7.31,251.289,325.581,1.9
6.78,462.788,497.166,3.2
7.91,379.498,388.661,1.4
7.62,303.462,278.406,4.4
7.73,367.591,257.561,4
6.63,272.094,553.66,1.3
7.01,276.575,313.502,2.1
7.95,490.494,492.661,3.1
8.79,441.111,311.54,1.6
8.86,335.618,208.544,1.5
7.6,543.051,212.545,2.2
8.05,261.92,313.982,1.1
6.66,492.205,302.092,3.3
6.65,519.494,377.609,1.9
8.61,420.433,292.662,1.3
8.67,305.267,377.363,3.4
7,470.934,347.022,1.7
7.15,293.607,218.041,1.6
7.33,425.147,421.343,2.2
6.55,333.062,237.207,1.6
7.54,529.88,406.624,3.3
7.99,445.302,366.482,4.2
8.98,460.899,304.687,5
8.56,474.702,254.787,4.9
7.66,433.821,451.572,1.4
7.84,355.293,363.776,3.9
7.32,512.482,230.136,3.9
8.88,345.293,209.961,2.4
8.13,269.586,264.4,3.6
7.17,407.058,586.016,2.2
7.64,398.905,371.804,1.6
8.09,499.879,454.495,4.6
8.43,328.47,265.201,3.7
6.95,424.583,224.379,1.4
7.88,294.685,347.704,3.9
8.92,413.636,391.979,3.2
8.15,467.659,348.521,2.8
7.26,297.409,231.497,3.4
8.49,503.058,339.963,1.4
6.54,319,324.782,2.8
7.03,404.93,204.05,3.8
7.24,294.538,594.406,3.9
8.21,353.735,417.874,3.2
6.7,474.598,461.563,2
7.11,278.536,572.128,4.3
6.62,444.871,525.172,1.8
7.8,345.647,558.288,3.4
7.73,331.864,468.662,2
7.32,411.381,435.528,2.5
7.94,345.485,400.948,3
7.08,382.866,428.333,1.3
7.79,375.135,411.174,1.5
8.74,393.178,332.389,2
8.28,480.412,413.952,2.2
7.33,440.362,526.064,1.6
8.49,271.478,202.11,4.6
7.57,281.314,475.22,2.7
6.76,523.299,365.209,4.9
8.46,422.604,342.116,2
7.23,446.483,594.306,2
8,523.953,536.232,3.3
6.75,292.043,223.466,1
8.31,524.418,556.858,1.5
8.26,279.893,565.047,4.5
6.5,358.394,231.141,2.6
7.46,419.428,506.503,4.9
7.41,299.837,568.435,3.4
7.37,516.476,258.639,2.3
8.44,419.227,389.8,4.2
6.64,385.337,597.006,2.2
7.19,477.066,282.376,2.8
6.74,423.99,200.104,3.9
7.77,395.69,486.135,4.6
7.31,468.988,457.623,1.6
7.98,494.833,488.104,2.1
7.48,288.899,343.5,4.1
8.02,433.245,575.407,3.7
8.46,265.727,301.615,4.2
7.91,532.23,357.684,3.3
7.39,389.196,553.82,4.3
7.9,355.277,356.374,3.8
6.65,350.362,516.308,3.8
8.73,344.617,522.062,1.8
7.77,299.067,570.69,2.7
7.31,358.733,299.258,3.9
7.64,410.929,480.841,1
7.03,520.446,230.97,2
8.32,372.064,296.648,2.9
7.36,530.183,464.529,1.2
7.24,393.006,499.835,1.6
7.71,312.92,400.631,4.1
8.97,539.167,270.877,3.1
8.43,285.621,400.231,4.7
6.69,371.231,534.569,3.2
7.79,381.85,262.177,3.9
7.85,390.436,385.806,2.3
8.83,532.929,409.667,4.5
8.07,355.173,384.572,3.7
7.95,484.367,439.033,3
7.94,512.1,250.389,2.6
7.43,540.866,441.488,1.7
8.19,449.733,468.396,3.1
8.22,415.131,532.028,3.9
8.42,375.873,310.858,3.7
8.5,414.749,460.964,4.7
7.22,260.354,355.08,2.4
7.26,365.531,441.202,2.9
7.73,317.543,511.683,4.1
8.79,372.128,284.55,3.2
8.68,472.85,262.383,5
8.96,370.874,277.76,4.2
8.41,444.252,314.65,3.9
6.96,528.743,326.221,3.9
8.18,349.726,303.352,2
8.1,296.045,360.158,4
8.03,530.024,283.997,1.2
6.65,530.791,593.31,2.3
7.35,465.58,537.065,1.1
7.23,478.592,201.872,2.4
8.79,405.021,543.646,1.1
7.36,412.173,245.406,4.1
7.06,274.678,205.117,2.9
8.41,296.698,411.003,1.7
8.78,516.053,588.767,3.9
8.3,386.136,573.198,2.9
7.88,284.309,387.388,1
8.94,520.81,458.753,1.1
7.77,253.014,462.132,3.2
6.84,391.135,486.968,1.9
7.21,252.527,510.28,4.7
7.1,534.968,340.452,3.7
7.81,303.242,336.591,3
8.68,534.636,366.662,3
7.61,335.301,251.602,3.4
8.25,290.239,354.814,4.5
8.67,316.747,550.931,4.5
7.45,426.218,364.366,3.9
6.54,291.923,380.257,4.4
8.93,337.01,376.538,3.5
6.56,468.674,374.465,2.1
8.56,311.429,478.754,2.8
6.71,369.177,544.15,2.8
7.05,429.638,417.878,2.1
8.61,367.969,243.501,1.9
7.78,479.175,237.243,1.1
8.15,489.985,494.337,1.3
8.54,299.905,245.064,3.1
8.56,428.092,306.12,3.6
7.52,541.596,349.256,3
8.08,393.836,413.047,3.7
8.27,292.19,263.669,3.7
8.06,407.232,348.57,4.8
6.73,338.118,277.174,2
6.61,323.968,401.977,2.5
6.69,287.655,468.364,1.7
7.14,389.922,356.151,2
6.52,337.796,271.45,1.3
8.75,385.115,578.78,1.6
7.03,432.388,574.026,4.4
6.92,284.341,289.199,4.1
8.08,520.748,304.461,1.3
7.58,513.706,468.538,2.9
8.11,479.67,508.963,4.4
7.27,506.593,204.361,2.7
6.89,516.83,501.24,3.3
7.5,363.471,225.365,2.3
7.9,359.072,255.734,1.2
7.38,339.678,518.655,2
7.81,281.728,326.738,4.8
7.82,519.898,323.039,4.8
7.53,349.096,341.389,3
7.62,376.456,303.155,4.3
8.91,394.921,417.663,2.2
6.65,443.289,450.99,1.5
6.85,468.82,590.724,4.8
8.94,504.042,483.756,4.5
6.79,250.799,246.315,2.5
6.82,549.352,444.721,1.9
8.45,371.514,512.471,4.9
8.28,526.803,486.653,3.6
6.56,465.769,370.551,3.6
7.54,273.553,579.627,2.2
7.48,253.105,346.821,1.2
8.42,488.304,588.851,4.2
7.7,337.159,563.47,3.2
8.16,399.86,518.129,2.7
8.54,328.709,329.96,3.4
8.25,352.611,507.29,4.1
7.6,492.655,260.252,2
7.57,375.253,550.316,4.9
7.53,530.303,289.48,4.4
8.73,251.227,297.184,3.9
7.51,398.005,445.767,2.8
8.95,394.582,515.082,4.6
7.07,442.55,520.491,3.2
7.97,301.997,589.248,2.2
8.29,475.082,450.933,2.5
7.65,539.804,413.547,3.4
8.08,372.304,300.057,3.7
7.18,487.468,337.577,4.4
8.08,316.801,538.387,1.4
6.79,453.545,390.012,4.1
8.3,492.173,227.568,2.9
7,488.051,420.797,2.3
7.2,475.718,539.246,2.6
7.48,534.646,285.425,4
7.59,422.441,447.599,4.4
8.06,380.638,364.521,2.2
8.41,459.969,592.976,2.5
8.1,443.715,497.191,1.6
8.85,480.496,308.978,2.7
8.97,501.145,277.175,1.2
6.97,419.803,244.495,1.5
8.57,457.175,440.87,1.3
8.88,505.294,300.678,3.7
6.54,368.193,564.404,4.7
7.28,390.135,529.019,3.1
8.36,547.599,252.895,1
8.1,365.07,235.478,2.2
8.38,434.268,301.072,4.2
8.27,300.14,387.827,1.5
7.35,322.89,415.556,2.8
7.07,544.038,407.294,4.7
8.62,288.783,323.586,1.5
6.81,411.273,419.84,3.2
7.71,414.989,545.09,3.4
7.68,543.856,389.244,2.2
7.66,430.73,442.298,1.1
8.65,305.404,243.171,1.5
7.98,384.858,419.757,2.1
7.99,541.584,329.705,1.4
8.04,411.908,596.21,1.7
8.43,340.271,422.461,2.6
7.29,339.011,575.441,4.1
8.22,503.886,433.454,4
8.87,385.927,443.548,3.9
6.72,402.065,229.508,2.5
6.94,336.425,443.05,3.7
8.38,534.386,401.6,1.4
7.98,432.266,579.42,2.3
8,474.961,485.325,2.5
7.71,414.169,406.861,3.8
7.6,287.973,330.805,4.8
7.96,532.148,355.005,4.5
8.45,250.681,569.358,4.9
7.8,481.556,457.17,4.8
8.02,295.001,598.178,4.8
7.5,388.885,313.148,3.4
7.92,394.127,362.586,4.3
8.55,357.835,577.3,1.5
8.88,281.195,447.881,3.9
7.4,489.355,563.615,4.5
8.55,482.918,442.157,4.5
7.12,270.334,230.702,4.9
8.65,316.824,383.67,2.3
8.92,437.9,339.926,3.9
8.56,396.114,310.85,4
7.87,361.917,464.978,4.5
7.72,547.282,519.41,3.3
8.91,268.118,539.158,2.2
8.33,389.482,254.56,1.5
7.29,522.037,576.253,2.7
7.13,387.193,356.656,1.7
8.39,323.542,456.955,3.7
6.99,440.651,592.271,1.6
7.4,302.199,552.203,3.1
8.12,318.713,241.527,2.7
7.37,487.016,559.972,4.4
7.3,357.667,317.739,4.2
8.84,323.776,455.943,4.6
6.84,302.084,376.565,3.1
8.17,522.455,403.073,5
7.59,430.499,571.365,1.8
7.6,361.645,397.973,2.5
8.54,269.565,351.171,1.7
6.61,292.514,596.312,4.1
7.15,419.301,318.969,3.3
7.89,437.701,431.928,3.5
8.24,310.629,436.395,3.6
7.77,335.564,345.42,2.7
7.27,295.914,376.753,1.7
6.78,401.226,392.718,2.5
6.94,508.289,442.948,3
8.73,398.342,408.437,2.3
8.99,455.956,458.215,4.7
7.34,469.881,299.828,2.2
8.4,499.562,422.354,2.8
7.29,384.364,581.65,2.8
7.65,503.333,567.918,2.6
8.43,288.631,462.65,1.9
9,359.376,294.887,1.1
7.39,402.802,555.853,3.9
7.23,297.471,556.509,2.2
7.7,332.246,557.901,2.7
6.77,366.803,310.032,1.3
8.23,301.059,286.564,4.9
7.19,464.946,596.983,1.5
6.85,491.206,510.598,3.4
6.91,548.44,543.277,4.5
7.02,443.233,268.678,1.7
7.19,448.943,310.359,2
6.89,489.407,449.673,3.5
7.16,345.886,237.294,3.3
7.65,380.668,296.093,4.6
7.73,324.603,294.356,2.8
7.9,391.561,222.812,3.3
7.72,406.52,242.062,1.5
8.84,315.373,512.692,4.8
8.53,417.049,494.111,4.6
8.07,481.425,367.087,1.3
6.63,415.026,293.112,1.1
7.89,326.386,451.307,4.4
7.04,418.261,597.94,4.6
8.56,481.216,374.404,4.2
8.1,462.328,526.319,3
8.15,500.684,276.728,2.1
8.17,353.472,485.103,3.5
6.99,335.821,302.481,2.8
7.01,353.628,368.122,3.1
7.3,454.842,214.358,1.4
8.27,253.619,401.651,2.9
8.49,437.752,558.066,2.4
8.88,274.944,332.268,3.3
7.07,451.361,324.797,1
6.97,275.227,413.857,1.8
7.15,466.518,513.814,2.8
7.61,272.401,500.917,3.9
7.69,498.61,397.803,3.8
7.87,256.464,536.339,2.7
8.47,343.202,304.277,2.2
8.74,293.25,212.159,3.3
7.13,415.795,550.594,4.1
6.52,278.941,336.848,2.9
7.63,426.424,516.341,2
7.11,280.771,240.369,3.1
7.85,325.881,284.737,2.1
7.23,544.968,206.439,2.1
8.15,460.577,323.132,4
6.71,283.339,224.803,3.1
8.82,385.123,538.425,3
8.61,385.124,531.525,2.3
8.91,289.821,556.183,3.6
8.87,320.957,208.531,1.2
6.71,344.143,301.606,1.6
6.89,394.347,264.041,4.2
6.77,370.094,573.062,1.9
7.86,356.967,495.171,3.7
8,410.179,558.53,1.2
7.57,267.367,528.273,2.7
8.53,301.834,453.212,4.2
7.1,476.014,320.703,4.5
6.8,292.521,493.274,2.9
7.14,431.81,503.809,2.5
8.77,499.647,580.438,4
7.98,417.864,333.346,2.6
6.56,549.816,555.778,2.9
7.61,273.577,555.551,3
8.69,404.742,319.951,3.6
7.1,250.071,579.969,4.4
7.01,514.764,303.965,4.5
7,450.552,431.815,1.9
7.84,324.098,217.531,3.5
6.8,488.317,323.959,1.4
7.42,279.12,506.388,2.2
8.01,521.951,238.894,1
7.55,399.596,476.689,2.1
7.06,499.103,553.597,4
6.82,443.701,354.863,1.1
7.56,321.007,404.067,2.8
8.22,420.242,559.612,2.5
8.53,355.089,202.189,2.2
6.5,475.896,470.198,4.7
7.42,429.326,397.431,2.4
7.89,331.6,289.026,3.8
7.15,441.719,433.198,4.6
6.61,337.28,571.347,3.9
8.43,300.317,371.375,2.6
7.4,270.427,351.382,4.1
7.22,293.195,441.871,3.5
8.86,548.582,527.26,2.3
8.42,408.472,245.601,3.9
7.47,371.469,292.834,3.8
8.03,499.409,459.736,3
8.22,542.719,242.729,3.3
6.51,397.005,274.896,2.4
6.66,470.932,399.296,2.1
7.57,501.708,325.01,2.9
6.81,443.743,375.449,1.4
8.06,284.791,382.514,4
7.59,333.322,584.962,4.9
8.25,290.956,228.591,5
8.36,509.716,523.302,3.3
6.86,345.018,385.913,2.5
7.63,488.91,242.176,1.2
6.93,284.59,380.218,1.7
6.51,547.777,482.187,2.7
6.65,521.623,214.622,2.8
6.69,476.278,568.769,2.5
7.72,367.646,297.973,2.1
8.59,251.431,499.943,2.8
7.05,455.082,583.248,1.1
8.39,442.345,219.069,4.5
7.3,352.965,301.45,3.8
8.92,523.519,244.354,2.8
8.36,393.204,558.851,3.9
8.87,314.713,509.637,1.8
8,462.02,242.982,1.7
8.87,297.555,444.557,4.7
8.45,313.674,527.525,2.5
8.51,383.95,573.374,4.3
7.35,536.642,302.115,3
8.37,327.691,374.96,2.6
8.97,311.139,454.163,1.1
8.01,501.906,479.453,3.6
8.1,410.281,230.81,3.6
8.76,480.526,416.556,2
8.24,478.041,436.789,4.3
8.01,530.712,226.301,3.3
7.65,336.358,455.41,3.8
7.83,437.085,431.73,4.9
7.79,273.641,201.332,1.5
7.54,284.653,472.988,3.4
6.52,261.842,491.454,2.1
7.01,540.446,370.887,2.9
6.84,469.03,476.731,4.7
8.95,314.197,479.456,2.3
8.23,372.907,209.263,2.1
8,442.771,252.547,4.2
7.23,322.41,224.36,2.4
6.51,431.507,489.015,1.3
6.91,386.444,348.254,4.9
8.87,268,232.285,2.3
7.25,545.256,442.556,2.9
8.47,541.112,579.004,4.5
8.65,471.195,321.317,1
7.5,296.873,516.446,4.5
8.37,536.464,330.8,2
7.3,286.306,219.325,1.2
7.96,452.4,338.109,1.8
8.33,340.6,239.615,2.8
7.39,420.286,237.349,2.3
8.73,499.709,435.876,2.3
7.58,398.444,211.446,2.2
8.91,463.379,483.952,1.1
8.96,283.324,383.163,4.5
8.78,309.104,567.959,1.5
8.97,334.877,423.871,3.3
7.77,401.667,418.376,4
8.29,511.235,280.544,4.5
6.72,320.756,506.135,4.7
8.68,466.212,438.747,2.9
6.79,332.277,429.645,2.7
6.87,296.277,251.464,1.2
8.06,529.581,409.819,2.3
7.57,254.884,594.821,1.5
8.08,300.334,392.458,4.8
8.34,339.006,505.421,3.4
7.3,318.682,460.242,3.3
6.75,338.491,485.146,2.8
7.13,506.596,468.135,3.6
7.37,302.256,481.455,4.5
6.53,452.377,305.264,1.5
7.21,284.655,430.96,4.3
6.67,470.132,420.518,4.1
8.18,306.264,311.445,2.9
8.33,353.316,372.365,3.4
7.4,529.761,491.141,2.5
8.41,259.09,439.393,3.6
7.06,429.067,239.612,2.8
7.77,511.243,402.389,2.2
8.16,498.321,446.396,2.1
8.45,338.684,486.866,3
7.3,418.25,379.072,1.5
8.24,251.413,586.903,2.1
8.11,464.053,325.334,3.4
8.28,330.866,509.874,1.5
7.77,435.549,336.564,2.9
7.42,546.495,235.431,3.9
8.46,467.251,223.26,1.6
7.37,352.406,524.024,4.9
7.09,305.754,330.731,1.2
8.25,346.46,303.272,4.2
8.46,370.355,492.362,2
6.52,470.879,509.475,1.2
8.25,549.358,583.394,1
8.95,356.38,461.813,4.8
6.61,283.472,354.283,3.4
6.8,418.281,228.311,3.5
7.17,491.817,585.379,3.7
8.68,519.808,297.828,3.8
7.51,513.164,361.139,3.4
7.84,263.144,569.357,2
7.26,350.261,570.259,3.5
7.84,383.349,259.684,3.9
7.21,545.099,369.48,2.2
8.23,362.689,537.062,2.8
8.56,525.143,444.087,2.4
8.11,479.99,425.937,4.1
8.17,340.775,320.493,1.8
8.83,440.175,546.108,1.8
7.56,267.677,359.653,4.3
8,299.879,369.961,1.4
7.84,472.37,219.077,3.9
7.52,333.279,330.597,4.5
8.27,384.206,269.819,1.2
6.51,282.527,541.065,2
8.05,436.798,266.534,3.4
8.37,449.459,342.51,3.9
7.82,309.901,445.829,1.5
8.26,278.399,480.17,1.1
7.73,418.734,530.832,4.2
8.11,330.103,395.618,1.4
8.06,307.546,587.823,2.9
7.91,474.24,268.425,1.2
8.87,324.54,508.655,4.8
8.99,379.071,539.447,4.8
7.24,430.018,529.674,3.3
6.9,266.244,319.271,1
7.48,504.872,271.06,4.6
8.16,499.242,366.906,2.1
7.73,507.282,450.051,2.9
8.37,296.474,568.995,4.2
8.67,311.542,245.017,4.2
7.64,275.673,497.785,1.9
8.06,540.139,240.617,2.2
7.79,485.019,305.008,2.7
8.85,482.441,411.317,3.1
7.01,261.503,352.846,4
7.77,354.052,437.318,3.7
7.71,476.204,299.57,2.4
7.17,406.482,398.585,1.3
6.72,537.455,264.593,4.9
6.64,434.714,527.659,3.5
7.87,283.707,441.505,4.6
8.31,257.396,421.44,2.9
7.95,413.196,244.494,2.5
7.39,307.73,245.768,4
8.65,495.627,456.342,3.6
6.71,272.734,338.01,2.5
7.48,425.188,314.517,4.4
8.47,538.586,537.042,3.8
6.66,511.609,371.856,2.1
8.47,489.179,209.977,3.1
7.73,374.046,347.5,4.3
7.67,341.095,391.83,3.7
7.61,329.319,307.997,3.7
6.75,355.522,568.806,1.4
8.2,493.913,404.831,2.1
7.84,392.152,499.938,3.4
8.76,518.293,256.658,3.8
8.26,259.645,452.479,1.6
7.29,427.125,438.546,1.5
7.45,516.007,454.542,2.9
8.84,435.009,504.91,3.2
7.01,320.106,464.76,4.3
8.53,369.982,507.057,4
7.33,472.3,229.68,4.6
7.54,362.759,533.011,1.5
8.43,269.715,279.021,4.3
8.46,259.814,384.904,4.7
6.59,462.919,396.334,3.3
8.31,545.269,275.061,1.3
8.19,429.351,463.459,4.4
7.28,447.971,307.215,3.4
7.99,312.591,567.079,3.7
7.82,288.028,330.37,4.5
7.85,336.285,409.884,1.1
7.06,319.728,386.812,1.9
7.98,490.713,414.576,1.2
7.1,265.055,236.406,4.3
8.02,408.336,469.339,1.4
7.26,377.858,303.273,4.8
7.28,295.719,370.636,2.9
8.66,253.322,320.476,4.8
6.6,274.332,420.015,2.5
7.75,387.244,446.36,5
7.01,423.379,304.55,3
8.8,421.606,286.504,4.4
6.85,495.041,511.576,4.2
8.66,391.462,365.218,1.8
7.77,317.34,281.42,4.8
8.52,302.33,355.311,1.5
8.05,253.815,301.231,2.4
8.36,466.316,516.484,4.4
6.94,398.003,212.917,2.8
8.65,296.051,319.878,3.8
7.32,470.846,593.193,3
6.74,293.587,519.413,2.4
8.73,446.471,401.972,1.3
8.17,286.211,300.632,1.3
7.1,368.688,315.511,4.8
6.85,251.91,298.544,3
6.77,325.368,285.674,4.4
8.42,365.733,330.201,3.6
7.2,281.623,202.092,1.2
7.41,505.765,414.11,4.6
7.82,341.162,322.539,1.1
7.13,420.222,490.25,1.3
8.18,452.423,331.51,1.1
6.91,486.19,517.232,3.3
8.64,359.079,241.287,3.5
7.98,506.109,454.512,3.8
6.95,506.811,561.932,2.9
8.69,452.594,541.616,4
6.53,522.447,560.928,4.6
7.5,351.307,533.108,1.9
7.59,476.794,426.057,4
6.95,300.824,395.814,2.3
8.65,379.611,413.327,3.2
8.35,422.309,310.245,4.4
8.1,532.538,505.836,3.8
6.69,491.423,465.251,4.6
7.31,430.07,330.405,1.7
8.28,521.044,474.577,1.1
6.56,523.475,456.198,2.4
8.27,412.984,279.588,4.9
8.08,515.196,568.147,4.8
6.87,423.315,528.113,2.1
8.47,437.346,378.608,2.2
7.25,460.336,405.521,2.2
7.83,469.698,404.668,4.9
8.54,260.516,444.957,2.8
7.67,397.604,401.648,4.1
7.86,450.132,560.293,1.3
7.64,410.816,582.969,2.3
8.62,540.544,343.305,3.4
7.78,308.323,358.317,2.9
8.19,469.696,467.123,2.2
7,266.439,381.328,4.4
8.08,440.756,355.376,1
7.53,274.257,348.043,2.5
8.31,475.052,473.849,3.1
7.17,378.762,560.894,4.1
8.34,492.637,403.051,1
7.14,313.899,408.379,2.3
7.58,351.907,328.094,3.6
8.46,399.235,333.988,4
6.75,296.586,440.208,4.3
7.48,508.718,573.447,2.7
6.92,526.474,261.263,2.5
7.45,250.387,384.349,1
7.02,500.452,422.699,4.3
7.2,543.201,303.553,4
7.72,256.555,513.624,3.7
8.68,262.732,585.862,1.7
8.31,421.504,219.168,1.3
8.95,299.762,290.352,3.5
6.71,293.456,329.017,4.9
8.28,276.731,386.935,2.5
7.79,314.496,416.739,1.6
8.22,520.106,519.97,2.3
8.86,460.203,576.134,1.1
7.38,324.062,340.089,1.9
7.24,461.798,319.189,2.9
8.69,300.982,425.043,2.8
7.73,537.653,355.942,4
6.61,262.859,293.586,2.6
8.05,402.644,548.23,3
8.39,262.55,271.077,2.6
8.2,358.729,425.298,1.7
8.95,344.018,457.824,3.1
8.28,475.433,378.457,4.3
7.57,490.609,213.472,3.4
7.76,527.875,444.587,4.4
7.56,310.835,356.768,2.8
7.44,452.968,343.744,3.7
8.1,296.753,359.399,2.9
8.31,477.04,200.575,3.4
8.45,490.109,453.942,1.2
8.18,358.097,246.982,1.5
8.41,448.174,227.508,3.6
7.31,459.251,270.26,3.1
8.97,363.426,230.265,3
6.85,375.839,314.528,1.7
7.27,456.931,247.31,2
6.72,477.65,546.017,4.7
7.47,539.264,252.074,3.9
8.17,433.416,371.531,1.7
7.31,313.51,451.379,4
8.76,466.285,225.2,2.7
7.94,280.402,577.688,2.2
6.99,460.094,477.255,4.6
8.65,282.668,252.345,1.2
7.55,461.593,359.614,2.4
7.8,362.723,292.19,1.9
8.97,350.671,292.047,4.6
8.38,276.243,592.899,1.3
8.57,522.311,268.586,3.2
7.77,498.061,377.917,1.3
7.98,351.517,412.297,4.6
7.22,495.703,351.913,2.8
7.06,384.117,227.367,1.8
8.08,315.998,500,4.5
7.42,455.817,490.79,4.5
6.52,284.754,264.643,4.1
6.76,372.683,225.63,3.7
6.66,446.687,306.926,2.2
8.46,534.796,217.134,2.2
8.65,357.902,404.971,1.7
8.3,467.193,387.94,3.1
7.43,497.412,373.663,4.4
8.4,310.23,595.339,4.6
7.03,394.409,260.814,3.1
8.28,456.641,327.445,2
8.61,395.932,367.752,4.2
8.63,490.004,350.73,3.5
6.86,294.381,476.497,3.1
8.07,402.901,508.714,4.9
7.61,519.896,444.216,1.1
8.28,253.422,456.345,3.5
6.81,385.067,453.989,2
8.18,414.174,448.79,4
7.2,376.087,412.723,2.8
6.97,305.084,416.834,4.5
6.79,488.086,481.337,4.8
8.46,368.99,484.49,4
6.82,252.489,390.719,4.1
8.55,254.448,280.124,4.7
6.61,479.406,561.661,1
7,416.261,594.994,4.2
8.21,514.627,395.189,3.4
8.04,420.393,448.355,1.3
7.92,404.211,263.278,2.2
7.85,511.455,208.172,3.5
7.79,308.797,261.976,4
8.96,447.641,238.284,2.9
6.59,412.172,456.675,1.1
8.81,274.378,255.645,2.5
8.14,410.211,312.188,4.6
8.07,279.107,577.901,4.5
8.63,388.156,285.829,1.3
6.93,356.332,555.085,2
8,346.952,536.795,2.2
6.6,496.56,394.417,1.3
7.88,316.691,258.105,2.8
8.77,373.821,490.188,2.3
8.5,457.391,333.46,1.8
6.79,261.427,399.996,2.9
7.3,491.222,323.796,4.2
8.69,484.757,344.658,4.2
8.84,525.614,222.584,1.3
8.78,392.073,424.902,3.7
6.51,533.846,578.184,3.3
8.68,272.192,417.09,1.6
8.42,279.132,270.015,3.5
7.2,545.166,470.476,3.5
6.89,377.77,211.627,4.7
8.72,317.263,596.035,1.1
7.34,534.198,360.38,3.8
6.83,404.694,471.077,1.4
7.63,324.054,477.477,4.7
7.7,470.205,514.299,1.9
8.6,313.68,577.267,1
7.31,529.626,318.513,3.8
8.9,328.228,250.744,3.6
7.76,293.712,549.159,4
7.56,497.885,382.838,1.5
8.65,262.359,231.964,1.5
8.9,441.552,567.05,3.5
7.94,470.699,403.303,3.3
8.26,325.523,469.042,1.1
7.86,381.619,584.167,1.8
8.18,519.13,591.021,1
8.62,354.373,234.521,1.6
8.55,404.043,278.621,3.1
7.12,451.146,428.47,3
6.67,347.335,493.399,2.2
6.96,300.515,587.83,1.6
6.71,349.257,473.451,2.7
7.23,528.241,231.308,4
7.05,254.347,503.603,4.3
6.81,465.996,280.697,1.4
6.52,453.153,455.158,3.1
6.77,491.296,339.799,1.7
6.71,398.578,385.925,3.9
8.01,434.336,463.872,1.7
8.28,414.074,298.771,3
8.55,401.74,237.048,2
7.92,275.612,543.89,4.2
7.17,278.305,206.861,2.4
7.29,439.082,385.753,2
7.09,372.844,518.846,1.3
7.32,338.898,398.025,1.9
7.19,291.964,246.23,4.4
8.58,446.974,447.51,3.7
8.07,463.354,381.718,3.9
6.93,337.027,205.695,2.5
7.54,385.071,236.432,4.6
7.32,291.531,472.299,2.5
8,545.887,210.241,2.6
6.6,475.785,232.054,1.9
6.81,264.807,567.667,1.2
8.41,422.945,409.645,4.6
8.27,313.867,402.768,3.9
7.75,484.716,211.139,3
8.3,459.016,480.827,1.2
8.58,449.183,402.418,1.1
7.1,479.913,451.422,2.6
7.06,375.051,458.069,3.1
8.82,398.279,439.472,4.1
8.25,425.08,495.689,2
7.6,336.452,426.745,1.3
8.79,297.551,489.108,1.3
8.48,344.439,295.948,2.3
8.34,451.491,340.554,2.8
8.55,251.574,577.105,4.5
6.75,514.205,556.988,3.6
7.02,467.398,346.697,4.4
8.62,447.292,419.906,3.8
6.57,503.803,233.073,1.5
8.99,549.673,252.506,3.5
8.67,316.022,398.762,4
7.5,376.12,389.029,1.4
8.5,330.023,498.538,4.5
7.63,345.414,319.213,2
8.45,261.204,312.018,3.8
8.74,499.269,263.111,3.4
8.09,406.227,555.451,1.1
7.36,291.668,545.857,3.3
8.48,267.277,513.983,1.6
8.32,277.234,524.183,1.7
8.98,261.648,407.906,2.6
8.28,387.02,390.28,4.2
7.65,499.36,303.899,3.9
7.14,466.062,531.232,2.2
6.94,428.759,510.593,3.8
8.93,298.875,241.18,4.7
6.84,347.867,571.187,2.8
8.7,373.524,339.24,1.8
6.78,402.583,502.604,4.5
6.64,370.827,266.394,1.5
8.48,483.033,531.356,1.5
8.17,450.035,302.911,3.6
8.24,295.173,491.589,1.3
8.81,458.081,245.55,4.4
7.68,371.693,260.76,3.1
8.34,328.92,344.338,3.5
8.69,517.545,487.003,3
6.78,414.828,588.53,3.8
8.49,305.182,290.879,4.5
7.1,330.735,227.599,3.8
8.92,446.085,334.107,1.9
7.07,515.168,346.421,3.1
8.34,445.333,378.58,4.7
8.1,299.449,527.737,3.7
8.43,538.904,537.562,1.7
6.91,254.865,284.818,3.6
7.38,533.102,566.713,3.4
6.95,274.336,504.968,2.6
8.28,445.191,264.965,4.9
6.5,405.602,328.307,3.2
6.97,301.458,240.465,4.9
7.82,255.3,481.264,4.5
6.99,402.746,553.212,4.2
8.14,253.9,356.441,4.8
8.54,394.539,534.98,4.7
7.89,428.328,561.159,4.3
7.34,410.775,298.341,2.6
6.85,498.257,402.879,1.2
6.71,487.869,332.997,4.9
6.72,264.875,443.358,1
8.67,415.822,523.005,1.3
7.67,403.996,567.111,2.8
6.57,379.297,444.078,1.5
7.13,499.435,310.989,4.7
8.37,532.341,435.405,4.2
7.93,511.796,295.379,3.2
8.35,394.222,451.946,4.2
7.63,435.935,263.637,4.3
8.67,532.506,374.822,4.7
8.66,529.084,394.486,4.4
6.54,472.221,341.039,1.9
8.56,486.759,571.859,2.5
6.53,459.447,344.178,1.1
7.86,302.123,312.37,4.3
8.56,260.532,312.61,2.3
8.75,452.515,546.575,1.5
6.85,539.649,370.626,2.7
8.34,259.446,308.272,3
8.14,525.531,350.6,1.5
6.85,499.762,556.288,2.2
7.81,453.771,282.986,4.3
7.66,414.179,308.742,3.3
8.04,519.969,473.333,4.1
7.16,419.721,309.128,2.9
7.24,277.534,556.526,1.3
6.53,468.016,360.141,3.2
7.92,312.461,495.766,4.7
7.7,349.597,368.943,3.5
7.95,485.389,478.653,3.3
8.6,297.944,519.203,4.9
6.56,290.582,371.051,1.9
8.41,505.209,402.351,2.1
7.79,444.931,340.916,2.2
6.6,371.275,429.519,4.9
8.3,538.797,494.197,2.8
7.51,283.938,383.999,3.4
7.54,512.149,310.549,4.4
7.17,419.058,389.98,2.1
7.13,409.884,368.017,1.9
6.51,463.281,276.371,3.2
8.18,286.324,599.296,4.4
8.68,428.758,358.989,1.9
8.09,401.672,440.803,2
6.58,378.559,535.175,2.4
8.29,485.902,495.672,3.6
7.29,444.767,279.838,4.4
7.62,340.865,495.593,4.5
8.04,469.757,509.265,5
8.99,395.69,409.701,2.2
8.33,481.515,346.748,1.2
7.45,282.964,585.666,3.8
8.46,266.864,430.473,4.7
7.04,307.295,513.292,1.3
8.97,440.27,410.552,4
7.33,273.92,429.066,1.7
6.89,458.579,560.107,2.5
7.54,529.435,338.915,2.8
7.83,362.071,357.316,2.5
8.61,280.49,567.985,4
8.39,507.924,283.663,2.1
8.65,405.398,439.951,4.5
6.79,398.337,567.602,4.6
7.8,483.818,492.781,2.4
8.4,384.96,552.066,1
6.84,297.177,226.585,1.9
7.09,399.008,397.13,1.1
8.92,469.958,260.55,1.3
8.07,482.23,573.301,1.5
7.08,339.559,497.056,2.6
8.7,381.726,353.637,1.4
6.61,431.482,397.34,4.4
6.83,511.018,595.793,1.5
7.7,334.161,310.257,3.6
7.5,547.165,468.308,1
7.89,324.904,553.501,1.5
8.58,507.288,258.064,4.7
8.06,481.385,464.925,3.7
8.3,456.52,594.801,4
8.11,340.836,317.259,1.5
6.54,292.478,458.694,1.7
6.71,359.989,531.672,1.9
6.93,506.007,457.074,3.3
8.52,352.583,350.505,2.2
7.1,434.857,433.565,2.3
8.69,360.374,584.669,1.8
8.06,514.89,214.606,1.3
7.17,488.246,474.395,3.7
8.39,379.117,596.959,1.7
8.95,399.98,551.914,4.7
7.57,412.907,259.892,4.2
7.09,327.093,328.252,2
7.5,334.137,227.775,4.5
7.18,406.339,498.756,1.7
8.09,316.871,311.682,4
8.9,399.695,571.787,1.8
8.59,458.288,277.661,2.4
8.22,463.01,538.129,3.9
8.67,311.002,359.373,2.5
8.13,488.18,330.475,4.6
6.99,503.995,320.779,2.7
6.56,263.236,426.417,2.9
7.27,513.376,445.297,4.8
8.93,351.393,308.049,1
7.23,340.668,471.302,4.3
8.03,384.785,202.585,1.9
8.66,372.749,522.592,1.2
6.91,510.61,532.082,2.5
7.95,313.368,461.177,4.4
7.36,507.237,252.346,1.4
7.79,380.317,390.87,4.7
8.33,522.764,403.202,1.8
6.56,386.84,353.317,2.5
7.72,346.672,466.205,2
8.18,292.189,275.182,3.5
6.92,519.311,208.209,3
8.01,523.296,475.69,2.5
8.55,531.664,454.742,1.2
8.32,490.539,242.649,2.9
7.25,368.521,384.902,1.4
8.77,460.628,260.407,2.1
6.66,525.711,387.644,2.5
8.57,451.647,482.786,4.7
8.73,448.578,260.04,3.4
7.8,271.614,513.955,4
7.05,447.514,222.65,1.1
7.12,301.456,249.915,4.9
8.68,439.127,280.521,2.2
6.67,530.832,546.262,3.9
7.63,298.312,308.511,4.4
8.91,408.04,542.634,2
8.76,311.995,584.312,2.1
8.26,512.14,518.465,2.5
8.03,333.349,284.842,4.2
7.55,397.162,295.709,1.6
7.41,422.122,552.508,3.5
8.41,517,452.543,4.2
7.27,523.151,389.518,1.3
8.61,414.017,399.791,2
7.06,259.89,552.391,4.5
8.02,377.276,471.617,1.5
7.43,337.432,403.138,2.3
7.01,252.954,334.273,1.2
7.57,278.106,372.547,4.3
7.33,325.728,575.072,1
6.85,273.289,495.507,4.2
7.09,474.744,422.122,4.5
8.81,530.484,289.066,4.3
7.22,474.421,440.762,2.9
7.41,268.55,543.256,2.6
7.43,503.122,341.23,4.8
7.56,252.464,337.272,1.1
7.7,367.858,277.134,2.7
8.43,415.664,378.996,2.7
8.16,451.4,364.402,1.9
8.38,441.552,302.438,2.3
7.2,352.598,486.01,2.7
7.76,282.659,335.129,1.4
6.56,450.078,220.232,1.2
8.12,423.485,237.963,3.9
7.17,438.432,455.646,4.6
8.44,439.9,211.974,4.8
7.21,295.703,557.24,2.4
8.63,512.72,487.378,1.9
6.67,360.703,411.24,4.9
7.65,395.931,226.195,1.1
7.43,320.812,485.939,4.7
8.79,469.948,366.785,4.7
8.17,377.827,545.869,2.8
8.53,254.844,334.348,4
8.65,263.653,599.474,4.7
8.04,426.191,338.67,2.5
7.95,451.743,328.732,1.3
6.98,542.163,567.549,1.6
7.89,390.611,456.73,4.8
8.58,533.645,209.527,3.3
6.6,522.393,546.915,1.5
6.71,530.247,383.41,4.5
8.92,374.469,512.288,3.1
7.33,261.342,231.846,3.2
8.39,520.511,260.87,3.9
7.77,291.542,514.424,3.3
8.24,469.567,342.504,4.9
8.94,304.328,583.362,3.1
6.55,277.032,418.116,2.3
6.69,344.685,428.9,4
7.48,327.008,304.825,1.9
6.95,304.694,529.61,1.7
7.03,379.733,281.835,1.6
8.04,295.23,307.032,4.8
6.53,391.438,486.394,5
8.04,277.88,533.113,4.5
8.82,327.026,570.08,1.4
7.52,510.94,354.441,3.4
6.88,288.228,557.892,1.3
7.56,534.525,365.376,1.1
6.93,358.264,551.031,1.5
7.72,477.804,567.44,4.9
8.32,431.07,321.431,4.1
7.98,515.967,483.002,4.1
8.38,514.832,400.909,1.5
7.91,310.771,263.07,1.5
7.95,489.039,476.484,2.1
8.35,502.586,286.296,1
7.26,387.999,260.817,1.6
8.41,301.495,224.933,2.2
8.74,370.79,426.124,1.9
8.39,506.195,251.895,1
8.14,397.436,409.881,3.2
8.62,273.101,441.026,2.5
8.18,253.667,443.878,4.7
8.57,413.356,250.934,1.6
9,329.861,420.156,4.1
7.94,508.31,496.647,1.6
6.58,472.854,313.842,2.4
6.53,446.715,373.383,4.6
7.14,538.097,524.269,2.9
8.82,432.97,331.59,3.3
8.69,255.124,449.384,3.8
7.07,352.924,384.164,1.4
6.63,443.682,382.37,4.7
8.08,517.528,454.616,4.6
8.66,319.051,504.362,3.3
6.64,304.855,301.889,1.2
7.14,367.246,328.033,4.9
7.7,255.375,438.921,1.8
7.12,272.977,321.759,2.2
6.57,276.427,270.963,1.2
6.56,378.364,272.34,2.1
8.92,313.24,555.141,5
7.93,300.561,465.325,3.3
7.29,448.66,260.045,4.1
6.66,450.532,587.931,1.5
8.92,358.861,240.317,2.6
6.63,501.733,408.373,4.6
8.76,398.256,317.637,2.9
7.93,330.229,378.352,2.5
7.64,320.637,506.28,2.3
8.09,279.357,352.769,3.5
6.53,506.957,439.467,4.5
7.87,533.598,524.838,3.8
8.72,422.542,380.467,1.6
8.73,501.104,363.755,4.5
8.43,326.838,380.63,2.1
7.81,423.598,239.921,4
7.39,538.376,390.904,2.5
8.58,266.538,242.711,3.4
7.87,486.862,472.948,3.5
7.91,331.843,268.991,1.1
7.92,453.271,240.172,3.7
7.84,483.41,420.52,2.5
7.53,393.091,435.283,3.8
8.36,500.961,314.143,3.9
7.89,386.711,361.865,4.6
6.79,538.89,343.902,2.5
7.44,301.973,204.248,4.3
7.59,434.005,350.707,1.5
7.48,380.717,288.81,4.3
8.19,386.142,332.682,3.5
8.26,447.192,299.271,1
7.15,425.828,207.586,1.3
8.48,263.373,540.38,2
7.77,484.164,370.97,3.8
7.51,298.077,487.835,4.6
7.26,373.932,591.863,2.1
7.13,374.573,203.948,4.9
6.89,528.319,248.865,2.3
6.81,525.251,533.617,1.5
6.54,379.791,457.749,2.7
8.04,451.061,397.88,5
8.64,328.697,333.686,1.6
8.16,271.118,529.139,3.9
7.3,530.614,364.23,1.5
7.66,367.312,362.364,3.3
7.98,518.044,376.079,2.9
8.66,436.084,218.63,1.3
7.68,400.317,515.893,4.6
7.15,353.111,546.828,2.6
6.64,416.97,254.358,2.3
7.87,406.912,486.664,4.9
8.64,412.061,300.951,3.7
7.18,496.987,380.218,2.4
7.96,420.488,511.505,5
6.54,308.238,450.511,1
7.12,506.068,525.169,4.3
8.12,381.785,454.481,3.1
7.26,413.575,202.619,4.1
7.63,452.713,517.454,3.2
7.28,335.823,213.806,4.6
6.6,482.083,265.156,4.6
8.27,351.408,247.346,3.7
8.57,348.147,545.682,3
7.76,418.662,594.281,4.8
8.9,356.936,287.351,3
8.55,305.763,599.804,2.4
7.53,488.832,560.95,2.1
8.58,541.257,371.414,1.2
8.51,306.001,552.743,4.9
7,543.836,364.825,4.4
8.38,280.046,223.775,3.1
8.32,463.602,513.632,1.2
7.33,536.215,522.927,4.3
7.01,293.193,475.642,1.7
7.42,485.798,373.045,3.4
8.33,534.998,309.01,3.1
8.9,517.928,386.745,1.2
8.35,390.62,293.877,4.8
8.93,252.045,570.73,3.7
7.75,354.658,470.778,1.7
8.75,496.124,346.354,2.9
8.7,500.71,309.096,3.5
7.39,516.846,265.097,3.5
6.74,478.78,519.87,1.5
7.5,446.671,297.201,2.8
7.83,460.981,546.538,3.2
8.74,334.843,378.365,2.9
7.44,323.686,355.295,2.7
6.83,305.814,441.255,2.5
7.93,274.297,571.042,2.5
7.38,374.388,505.423,3.5
6.9,494.614,468.234,3
8.18,446.609,467.196,2.6
7.28,445.865,442.458,2.9
6.98,267.494,319.312,4.6
7.99,444.204,258.219,2.8
8.99,549.44,272.046,3.5
7.26,526.67,430.217,2.3
6.57,457.665,405.429,1.2
8.02,389.615,273.434,1.7
6.77,382.103,392.707,2.9
7.34,411.144,431.789,2.1
8.7,433.091,243.802,4.4
7.24,370.698,463.623,2.7
7.16,363.39,317.222,3.2
6.58,373.115,354.961,4.7
6.53,279.738,221.747,1
8.63,285.103,344.714,3.5
7.77,478.76,331,2.2
8.85,288.799,410.905,3.7
8.02,398.398,515.617,3.1
7.2,420.504,423.782,1.8
7.41,359.661,308.028,4.9
8.76,440.467,558.086,4.8
8.19,277.95,430.032,2.6
8,482.792,530.821,1.8
7.88,505.62,580.2,2.4
6.94,342.154,372.314,4.7
7.46,460.523,463.526,4.4
7.27,528.71,440.477,1.7
7.74,266.956,366.296,4.8
7.32,397.278,404.986,1.4
7.37,358.211,297.488,4
8.56,520.23,440.007,1.5
8.91,262.804,219.252,1.2
7.1,275.242,510.395,3.6
6.56,387.924,302.727,3.4
6.97,508.989,306.842,3.8
8.35,461.233,583.422,4.8
8.82,525.832,539.539,1.3
7.47,251.605,478.841,2
6.55,358.781,331.603,3.7
7.8,281.062,507.23,1.3
9,471.375,403.053,1.4
6.73,474.065,299.307,2.9
7.31,346.266,599.587,1.2
8.08,252.527,497.782,3
7.98,502.52,205.111,2.7
7.32,342.019,431.911,1.4
7.23,315.64,582.643,3.5
6.9,262.169,258.453,5
8.23,305.671,351.325,4
7.75,419.956,596.949,4.9
8.73,383.978,235.693,3.5
8.91,384.184,341.574,3.1
8.67,501.089,585.648,4.8
7.18,253.928,495.671,3.9
7.54,366.843,211.104,3.4
7.53,530.976,271.24,3.3
7.44,519.694,571.15,3
8.28,482.865,540.668,1.4
7.18,477.54,426.651,2.8
8.45,532.173,320.724,3.8
7.32,326.152,566.477,3.5
7.32,360.161,312.306,4.6
7.55,468.281,321.695,3.7
6.94,303.462,307.524,3.6
8.93,343.859,520.007,1.3
8.58,404.021,300.757,2.7
8.87,454.093,342.913,2.5
7.69,277.954,361.14,3.1
8.63,323.898,549.008,3.6
8.6,398.382,327.239,2.5
8.16,432.822,446.553,4.1
6.63,250.495,501.154,3.8
7.76,424.391,514.01,2
6.81,482.713,395.085,1.9
7.84,263.979,572.708,4.2
6.97,459.675,215.884,4.6
7.35,549.41,290.594,4.8
6.72,348.955,588.468,4
8.05,444.189,592.529,2.9
9,379.574,468.829,2.8
8.19,257.312,240.634,3.7
8.37,491.18,389.702,3.4
7.09,458.692,452.465,4.2
7.65,324.2,580.601,2.5
8.02,339.525,370.656,4.1
8.93,349.918,565.187,1.6
7.97,404.261,357.349,2.7
7.16,427.653,481.867,2.4
6.82,454.54,588.143,4.9
8.2,462.977,570.35,1.6
7.32,445.007,413.55,1.3
8.6,252.418,244.531,3.5
7.23,424.73,232.508,1.7
8.46,348.021,264.105,3
8.06,279.891,462.31,1.8
6.59,434.266,477.382,5
7.07,329.516,598.092,1.7
7.35,402.337,251.099,4.8
7.69,520.071,256.307,2.8
7.15,359.311,287.471,4.7
7.47,503.887,235.734,3.3
7.24,471.822,536.907,4.6
8.86,470.732,479.983,1.3
8.47,262.808,221.435,4.3
6.63,287.59,410.921,2.3
6.96,418.653,240.99,4.1
7.47,500.832,364.603,4.8
7.92,475.217,240.716,2.7
6.8,447.751,482.424,2.4
8.32,479.576,572.979,3.4
7.88,456.75,319.726,2.2
6.86,322.648,275.935,1.1
6.66,439.429,562.533,2.7
8.16,383.584,429.676,3.8
8.06,265.039,224.061,4.4
7.88,315.673,371.367,2.1
7.95,259.978,215.498,2.3
8.05,265.641,249.834,2.3
7.89,448.113,420.604,3.3
8.92,515.74,376.956,4.3
8.95,443.818,508.918,4.9
8.49,327.562,585.581,4.6
7.39,369.928,212.633,3
8.01,522.272,387.151,2.6
8.93,261.603,267.114,4.8
7.2,487.971,239.558,3
6.77,292.545,545.281,1.3
8.47,493.579,502.836,2.2
7.32,349.98,532.286,4.8
8.57,272.543,516.125,2.1
8.56,317.388,240.985,3.2
7.74,296.897,562.333,4.1
7.73,329.212,430.302,1.1
7.22,539.923,557.956,4.7
6.82,337.144,337.464,3.3
8,374.253,215.054,1.3
7.71,267.88,577.504,3.9
7.9,298.138,448.289,3.6
6.68,449.228,318.746,2.5
8.69,500.768,242.568,4.9
7.52,430.639,527.481,4.9
6.66,475.172,457.658,2.8
6.66,373.497,460.669,3
7.73,276.624,523.048,4.2
6.69,347.01,224.699,2.8
6.84,409.312,415.233,2.2
8.77,517.855,588.177,3.6
8.76,293.87,572.686,1.6
8.34,358.061,360.626,3.6
7.17,411.323,224.012,2.1
6.95,547.158,478.303,1.9
8.46,431.165,475.599,2.8
6.55,275.199,453.169,2
7.12,311.386,477.519,2
7.57,372.166,434.852,1.2
6.66,471.788,316.372,4.6
7.88,517.59,576.554,4.3
7.99,458.076,346.954,3.3
8.28,504.915,545.69,2.8
7.26,484.901,305.426,3.9
6.64,535.821,213.028,2.7
7.03,305.228,237.848,2.2
8.84,439.502,495.752,1.2
8.63,546.166,310.666,2.3
6.77,469.293,242.631,2.9
7.33,439.498,263.375,3.5
7.04,511.984,487.286,3.2
6.68,316.213,343.536,1.7
8.68,526.955,272.12,3.4
7.86,406.243,422.425,2.3
7.29,292.511,555.757,3.7
7.55,386.591,511.095,3.9
6.81,328.258,583.648,1.8
7.37,367.788,563.209,4.3
7.22,316.245,410.76,3.2
8.08,375.728,436.361,1.4
8.25,525.978,538.006,1.9
7.05,421.092,320.423,4.9
8.45,433.856,241.895,1
8.22,442.374,523.348,4.7
6.69,463.575,268.224,3
7.51,320.201,237.656,4.3
7.59,396.864,425.696,3.7
8.35,273.628,216.556,2.2
8.27,461.598,349.142,1.1
7.63,516.321,416.653,1.4
7.91,395.524,554.238,2.5
8.22,415.831,499.335,2.9
7.84,453.134,310.966,4.5
7.78,447.584,375.997,5
8.47,499.285,427.509,1.5
8.44,421.633,425.611,1.5
8.58,522.816,532.516,1.9
7.16,512.987,518.194,3.8
7.54,359.841,274.964,2.7
7.52,358.117,590.024,4.4
6.85,452.782,439.53,3.7
7.36,276.784,509.781,3.4
8.46,494.203,541.052,4.4
7.79,352.065,580.685,3.7
8.66,476.598,414.199,4
8.89,343.136,355.286,1.8
6.87,458.415,387.698,2.9
7.39,505.569,540.139,3.6
8.15,531.216,320.554,3.1
6.97,480.816,289.108,1.4
8.38,432.705,519.013,2.3
7.67,456.649,328.595,3.7
8.36,548.256,599.078,1.1
6.66,498.585,311.282,3.5
7.75,444.065,231.679,1.9
8.47,438.521,474.818,3.7
7.85,266.725,333.632,1.5
6.99,413.216,223.385,2.8
7.78,335.846,425.576,2.4
8.29,293.195,354.514,4.4
6.68,370.523,365.827,5
7.33,269.899,534.243,4.1
8.24,427.938,587.179,1.9
7.13,257.712,568.991,1.2
8.46,374.801,590.699,3.7
8.28,417.618,366.698,4.4
6.81,328.604,325.563,4.1
8.44,383.519,344.185,2.3
8.4,360.589,453.162,3.8
7.21,267.305,324.377,1.5
8.52,474.966,509.225,4.7
8.42,431.621,225.303,2.8
8.56,483.81,232.862,3.9
6.91,275.978,437.934,3.3
8.44,404.216,444.942,3.8
6.79,509.278,531.921,2.8
6.76,340.729,320.856,2
8.4,517.371,437.083,2.8
8.7,472.339,395.63,4.6
8.18,362.915,267.913,3.1
6.76,443.184,518.334,3.4
6.56,297.323,511.777,3.6
8.4,522.17,441.923,1.9
6.6,327.23,450.639,4.2
7.67,346.137,366.667,4.4
7.29,254.886,313.645,3.3
7.56,399.327,237.65,4.3
7.96,535.415,353.868,2.9
8.58,486.109,218.951,4.8
8.29,544.207,357.433,3.8
8.85,492.144,316.524,2.1
6.89,426.783,443.953,4.1
8.34,337.882,267.489,4.7
7.74,438.222,394.455,2.1
7.56,290.469,510.413,1.8
8.09,455.606,345.372,1.2
8.05,348.518,581.221,4.8
6.92,521.958,527.156,1.9
8.52,498.489,423.065,5
8.19,439.029,275.542,1.3
6.58,497.177,233.187,1.5
7.67,392.774,354.331,4.8
8.56,481.414,305.219,3.2
8.07,375.387,435.186,2.2
7.7,426.725,270.304,3.4
7.14,308.079,572.088,2.9
7.42,270.234,535.895,4
6.51,356.123,326.487,1.4
8.64,287.082,521.091,3.8
8.16,267.811,257.833,2.9
8.51,536.43,562.232,1.2
7.28,497.051,465.957,3
8.79,415.122,426.88,1.4
8.98,251.055,567.672,3.8
6.95,367.079,392.287,2.9
7.67,310.881,471.99,3
6.73,547.278,301.665,2.1
8.34,383.603,514.521,3.4
7.47,469.805,252.656,2.8
8.2,312.904,279.364,3.4
8.25,355.085,599.843,3.5
6.59,286.621,354.794,4.9
8.34,299.855,514.489,1.4
6.76,477.241,501.07,1.2
7.97,514.317,577.882,2.6
7.59,363.007,491.985,2.5
7.62,283.628,281.438,1.6
6.61,316.161,442.219,2.9
7.16,448.059,588.839,2.6
8.57,336.812,216.841,1
6.95,315.157,207.56,1.8
8.16,431.699,550.052,2.5
6.5,389.706,378.138,2.9
8.03,440.988,219.608,2.1
8.66,342.119,443.682,3.1
7.49,441.941,503.311,1.1
8.02,476.872,298.894,4.7
6.81,254.413,598.767,1.5
6.99,417.588,337.405,1.7
8.08,354.002,430.713,1.9
6.94,348.929,258.276,3.8
7.79,390.623,452.525,1.6
7.67,405.063,518.72,2.2
6.68,538.092,320.095,4
7.9,465.436,581.397,2.5
6.87,388.343,405.33,4.3
7.7,512.694,250.823,2.8
8.71,297.309,392.534,4.9
8.57,317.155,564.218,1.1
8.5,448.536,397.811,4.3
7.19,278.44,550.53,3.1
7.04,420.509,321.204,4.8
8.62,368.542,509.398,1
6.62,328.679,388.991,3
6.61,406.556,329.184,2.1
8.29,482.623,481.614,1.5
6.97,365.879,228.241,3.8
7.42,503.107,446.707,4.8
7.53,470.604,431.93,4.9
6.74,533.254,251.389,2.9
7.9,287.318,384.605,3
8.9,502.99,423.566,3.3
7.6,381.673,357.417,1.6
7.48,371.39,598.647,1.7
7.91,516.556,497.257,1.9
8.96,495.337,541.942,2.2
6.65,298.054,477.471,2.8
8.09,292.023,419.914,3.9
6.96,285.544,483.45,3.3
8.75,510.555,378.346,1
8.14,465.226,242.49,3.1
8.69,309.858,217.163,3.2
8.37,330.969,500.909,4.7
6.95,465.835,352.766,2.8
6.82,401.47,205.342,4.8
7.44,277.484,582.829,3.2
6.71,448.934,208.126,2.2
7.8,465.411,412.474,4.7
7.38,532.614,232.004,2.7
7.38,375.956,229.204,4.1
6.73,258.668,488.436,4.4
7.48,405.601,505.885,1.3
7.83,534.052,433.467,4.2
7.93,367.848,323.734,2.6
8.21,536.247,360.411,2.6
6.85,355.512,412.608,3.7
7.99,542.136,242.219,3.7
7.19,483.417,330.858,3.3
7.92,355.303,385.17,4.4
8.15,498.657,485.891,2.6
7.11,417.354,593.604,4
7.84,502.377,495.457,3.6
7.04,308.524,354.763,2.5
6.9,408.768,317.892,4
7.6,474.025,296.266,4.9
7.57,410.442,562.172,1.8
7.59,352.337,311.141,4.9
6.78,512.852,252.076,3.9
7.9,536.665,297.414,3.2
8.61,391.255,323.352,2.4
7.72,446.039,485.105,2.6
8.16,438.537,317.539,1.9
6.71,327.571,272.883,3
8.79,393.049,311.825,1.8
8.46,383.724,301.948,3.4
8.35,402.683,257.834,3.3
8.05,305.656,406.656,2.5
7.09,286.704,280.139,4.8
7.59,373.504,504.68,1
7.86,262.652,472.348,2.4
6.86,413.432,414.975,3.2
6.79,331.164,445.44,3.2
6.59,374.946,330.853,1.1
7.57,475.095,469.558,4
7.9,484.931,370.243,2.8
7.36,280.815,370.471,2.1
8.51,401.833,345.06,3.7
8.33,523.698,217.391,4.4
6.59,398.919,266.432,2.1
7.62,293.783,425.994,2
8.53,367.099,471.202,4.4
7.49,515.113,355.586,2.8
6.6,528.878,468.695,1.7
8.78,483.122,470.128,4.9
8.62,250.984,538.658,1.2
8.32,547.357,465.124,4.3
7.68,540.701,247.849,3.3
7.92,486.828,466.551,2.9
8.55,277.662,220.851,4.1
7.63,311.908,350.309,4.5
8.26,495.221,222.088,1.2
8.53,404.56,545.862,4.7
7.19,449.134,361.88,2.3
8.54,371.287,526.627,2.1
8.44,378.531,360.717,3.6
8.15,457.644,277.171,2.7
6.59,438.016,459.809,1.3
7.47,409.313,258.908,3.7
7.07,285.46,292.632,1.9
8.5,501.54,297.036,2.7
8.65,362.61,208.006,3.9
7.82,271.65,206.889,1.9
6.87,413.353,416.468,1.8
6.54,355.958,345.608,1.6
7.44,517.393,392.874,3.2
6.65,491.779,321.122,1.9
7.35,287.914,581.34,4.8
8.33,460.451,552.346,3.1
7.72,459.047,379.649,2.9
7.53,524.614,589.448,3.4
7.75,547.961,254.714,3.2
8.1,274.288,224.422,2.3
8.71,547.203,531.473,3.3
8.26,497.388,400.828,4.4
7.85,399.197,410.097,3
7.53,520.535,310.001,4.6
8.86,348.638,365.853,1.5
7.34,436.215,562.26,1.6
7.04,390.033,322.772,1.4
7.45,334.13,220.822,1.8
8.64,470.816,323.475,3.9
6.93,393.772,539.228,2.9
8.33,376.62,275.903,4.9
8.67,421.903,510.506,4.2
8.87,478.403,366.178,3.5
7.39,301.125,322.075,2
7.92,466.366,296.459,2.5
7.84,420.726,501.218,3
7.25,374.979,330.642,4.2
8.64,416.73,337.511,4.9
7.93,382.329,322.522,2
8.66,522.653,360.82,2.4
6.75,333.336,325.235,1.8
8.86,485.471,596.83,3.7
7.15,524.571,264.668,3.5
7.32,299.008,341.772,1.9
7.43,363.674,270.032,5
8.45,272.559,303.44,1.2
8.74,384.877,248.516,2.7
7.42,342.049,303.78,2.2
6.66,419.092,363.82,4.2
6.51,431.923,570.373,1.6
8.19,345.628,394.844,2.6
7.73,379.998,397.747,3.1
7.3,354.614,254.709,3.6
8.03,386.424,508.849,2.1
7.37,330.517,302.511,2.5
6.8,411.307,384.183,4.2
8.15,287.258,361.524,1.5
7.31,427.958,219.4,1.7
8.72,345.341,220.6,4.9
8.64,525.203,559.001,4.9
8.42,523.416,515.077,1.1
6.97,334.6,553.017,3.1
7.52,336.873,515.039,1.6
8.33,340.327,407.022,1.2
7.92,487.92,426.624,1.4
6.93,498.433,211.686,1.9
7.85,478.195,525.742,1.5
7.87,333.207,380.496,3.4
8.88,527.374,483.353,4.4
7.11,347.924,277.209,1.3
7.54,274.146,599.721,3.8
8.87,361.344,545.217,2.3
6.79,272.408,232.816,2.2
7.8,290.676,599.279,2.2
8.57,351.289,343.027,3.7
7.65,480.715,281.502,3.8
8.79,462.781,261.814,2.9
6.61,527.786,256.254,1.4
8.99,454.25,507.763,4
8.89,339.832,451.702,1
8.87,480.538,466.386,4.3
8.52,445.131,407.052,4.7
7.91,417.171,208.32,1.2
6.75,381.737,580.553,1.5
8,274.692,545.621,2
8.5,355.005,421.661,1.5
7.52,292.972,542.867,4.3
7.06,252.384,340.943,4.1
7.22,447.003,359.686,2.5
7.1,410.879,221.225,3.2
7.18,405.602,516.452,1.3
7.39,545.94,290.928,4.6
6.7,389.701,367.067,3.6
7.29,470.565,303.919,2.5
7.48,470.262,272.401,4.9
7.17,279.211,373.946,4.1
8.01,457.026,266.708,4.8
7.11,404.29,350.956,2.7
8.09,368.217,399.487,5
8.68,403.38,208.968,3.9
6.91,265.555,310.609,3.1
6.61,261.559,244.065,1.2
6.61,377.081,258.871,4
6.87,289.307,438.524,4.1
6.57,428.219,268.295,4.5
7.46,514.874,431.936,2.2
6.72,275.436,497.481,1.4
8.96,382.991,206.624,2.2
6.56,527.518,294.748,2.6
8.09,418.45,514.817,4
8.25,300.976,508.778,2.6
8,494.971,438.998,3.4
8.81,496.761,342.218,3.6
8.43,531.837,428.42,2.5
7.61,470.91,414.636,4
7.91,399.42,532.673,4.8
6.74,419.51,410.332,2.9
7.35,300.716,440.579,3.7
6.52,478.477,354.801,3.3
7.49,418.174,509.13,3.1
7.22,525.495,364.458,1.2
7.65,532.747,456.711,1.3
7.99,501.429,593.738,1.6
7.2,519.573,317.345,1.5
7.53,446.582,482.412,3.9
8.34,396.426,466.791,1.4
7.79,519.255,201.587,3.8
6.51,305.729,459.361,3.1
6.84,378.692,541.009,2.6
7.17,285.993,235.5,2.8
8.19,485.234,220.537,4.1
6.97,351.239,412.892,3.8
7.05,401.604,342.811,3.2
8.9,308.255,367.502,1.4
7.16,364.1,550.811,2.1
8.69,402.881,399.667,4.7
8.8,360.145,245.353,2.4
7.76,371.509,531.596,1
8.57,451.563,211.061,3.9
8.72,271.244,495.373,2.5
6.72,252.107,412.021,1
7.67,337.283,575.439,2.9
7.68,252.131,334.366,3.6
6.7,529.508,562.162,4.9
7.44,291.947,362.132,4.8
8.7,458.236,365.892,2.8
8.41,287.06,573.373,4.9
7.71,546.355,572.265,2.5
7.6,421.814,557.465,1
6.61,515.528,310.252,4.4
8.51,436.316,353.199,2.5
8.44,283.971,356.345,1.7
7.33,305.129,420.46,4.8
8.48,296.99,374.546,1.3
6.99,401.34,506.599,3
7.82,481.214,542.604,4.6
6.94,402.969,533.129,4.8
7.69,461.004,243.175,4.3
7.68,326.897,508.557,3.8
7.73,272.065,455.526,2.8
6.57,496.745,549.126,1.3
8.76,338.532,348.35,1.1
8.15,538.885,234.477,1.1
8.52,508.48,424.32,4.7
8.6,374.438,429.994,4.3
6.64,541.462,438.808,3
6.5,324.061,313.491,2.3
7.38,393.121,489.417,2.7
7.07,346.524,334.048,3.7
7.94,356.442,586.427,1.2
8.06,509.912,384.926,4.5
7.71,294.887,460.512,4
8.95,475.498,367.994,3.5
7.97,535.719,223.41,3.2
6.71,277.949,386.337,4.5
6.63,425.131,314.58,2.4
7.89,429.119,474.878,3.5
8.87,295.328,372.311,4
6.53,380.051,508.906,3
8.49,484.363,558.704,1.8
7.53,298.752,311.762,3.5
8.29,509.339,325.233,2.4
6.6,320.469,265.193,2.1
7.61,395.955,522.503,1.1
7.91,398.995,494.194,3
6.57,531.658,529.962,2.9
8.49,494.4,319.443,3.8
7.39,442.919,419.329,4.1
7.8,472.304,331.794,4.5
7.82,287.799,467.633,2.1
7.48,526.349,213.543,1.3
6.81,490.086,446.177,1.4
8.62,534.245,386.189,4.1
6.81,278.703,529.109,3.6
7.79,490.72,233.907,3.9
8.8,544.398,226.12,4.7
6.8,449.507,562.825,1.9
8.58,475.381,367.731,2.9
8.29,291.011,381.613,2.8
8.82,361.243,287.641,4.7
8.47,427.114,415.611,2.6
8.49,316.793,200.576,3
8.8,392.31,432.321,4.5
7.56,321.169,586.764,1.8
8.55,324.997,221.841,3.9
7.34,388.632,270.195,4.2
7.35,394.654,222.679,2.3
7.39,285.888,536.045,3.6
6.75,411.381,361.127,1
6.72,387.742,484.005,2.1
8.03,450.488,359.487,2.4
8.64,545.042,380.978,1.3
8.97,455.141,315.196,3.1
7.43,520.423,597.441,4.2
7.19,294.223,329.084,4.1
8.51,274.655,342.856,3.9
8.36,264.908,495.584,1.6
8.14,532.801,299.517,1.1
7.59,375.661,447.441,3.9
6.98,301.024,467.149,1.1
7.08,496.16,594.915,3
8.86,508.303,449.883,4.3
7.47,418.975,519.505,3.1
8.39,282.14,370.333,4.4
6.52,314.858,364.574,3.5
7.39,421.569,432.5,1.3
7.66,464.854,311.831,1.8
7.82,321.083,263.034,1.5
6.7,296.046,271.187,4.8
6.77,492.014,594.824,2.9
8.63,260.594,369.055,2.1
6.56,508.834,427.351,3.7
6.55,529.665,421.961,4.4
8.86,291.488,416.308,2.7
8.85,405.945,444.693,2.6
7.43,394.567,544.288,3
8.54,283.517,283.956,4.1
8.86,341.459,365.098,3.8
7.8,395.996,394.649,2.9
7.69,255.554,467.474,2.7
8.9,480.205,389.82,3.6
6.77,310.065,320.262,4.3
8.92,528.262,464.397,2.9
7.31,431.493,489.916,3.7
7.99,459.723,231.527,1.8
7.49,437.167,525.436,3.1
8.59,322.581,231.068,4.7
8.7,267.575,446.677,4.7
8.42,355.146,484.297,2.4
8.5,370.643,578.65,2
7.91,296.069,546.327,4.5
7.51,495.012,343.012,2.2
6.58,378.723,383.296,1.5
6.67,332.254,455.359,4.8
8.87,424.226,291.416,4.5
7.45,419.14,276.029,2.2
8.21,385.37,254.207,1.2
7.5,390.189,581.701,3.8
8.87,338.432,267.446,2.8
6.55,545.099,298.219,4.6
7.3,262.751,470.562,4.5
8.78,418.915,475.228,3.7
7.94,253.317,589.336,3.6
6.61,263.403,254.547,2.5
7.13,395.671,419.036,4
6.94,397.756,251.491,3.8
8.48,255.932,377.195,4
7.09,503.475,513.724,4.6
7.47,296.125,240.574,4.5
8.17,365.494,443.154,1.1
7.28,313.071,363.761,2.2
7.02,534.652,319.984,1.5
6.71,265.089,480.669,1.5
7.78,498.313,268.073,3.3
7.39,474.896,466.537,1.7
8.95,460.612,307.837,2.4
7.42,284.625,220.408,1.3
7.03,294.621,378.706,3.6
8.27,283.752,404.695,4.4
8.42,397.182,308.491,4.2
8.02,539.936,541.394,3.3
7.99,546.779,484.846,1.4
8.02,412.223,336.571,3
7.24,297.145,381.415,3.4
8.82,455.332,479.401,2.4
7.85,454.71,561.46,3.9
7.81,509.396,285.35,3.2
8.78,435.844,433.674,1
8.06,505.476,254.811,3.5
7.14,475.419,398.314,2.7
7.39,269.677,405.159,3.4
7.26,420.759,278.526,2.9
8.97,492.174,242.917,3.6
7.06,447.372,568.058,2.1
7.84,325.819,510.441,1.2
7.57,451.175,564.806,1.5
8.66,448.419,594.411,3.5
7.96,529.454,301.31,2.7
8.72,373.123,488.123,2.9
6.69,403.707,498.88,4.9
6.7,298.77,312.118,1.1
7.6,300.547,216.49,1.5
7.35,447.037,475.815,1.6
8.92,397.636,592.135,3
8.55,470.671,253.752,2.1
8.53,389.93,325.053,4.9
6.89,472.022,340.365,1.2
6.92,256.281,331.386,3
7.15,308.081,395.865,3.2
6.53,357.09,498.993,4.3
7.67,475.226,514.099,4
7.82,262.665,443.559,2.6
7.22,497.936,204.415,1.8
8.06,264.234,515.996,1.2
8.39,511.239,584.408,2.4
7.94,291.353,568.883,2
7.23,364.374,526.689,2.1
8.46,383.47,283.364,3.3
8.22,444.892,201.951,3.4
7.86,507.282,531.414,4.1
6.94,321.341,306.536,2.9
8.71,415.773,243.046,4.7
8.01,261.779,356.866,3.7
7.1,538.428,503.372,3.7
8.94,252.703,361.842,2
8.86,339.618,427.461,2.7
8.78,315.844,210.084,3.9
8.71,361.214,212.514,4.2
8.55,456.091,576.027,2.2
8.24,489.625,484.09,3.2
6.75,512.492,334.376,1.7
8.01,301.278,327.615,2
6.53,509.495,541.945,2.4
7.92,533.361,242.662,4.7
6.83,465.098,429.57,3.6
7.98,347.794,310.169,4
8.66,503.623,549.212,1.5
8.45,291.463,300.838,1.6
8.52,482.473,592.925,4.1
6.77,387.076,382.401,5
7.7,544.567,541.91,4.7
6.61,510.985,348.781,4.4
7.35,251.86,390.062,4.3
8.4,540.045,529.477,2.4
8.85,400.417,289.853,4.1
6.78,539.01,595.452,2.3
6.7,487.916,404.272,2
8.64,259.219,457.5,1.6
7.58,544.143,296.908,4
8.36,272.417,293.965,4.7
8.94,359.508,263.62,4.2
7.16,312.425,303.822,4.4
7.61,288.277,277.216,3.6
8.48,310.118,321.613,4.8
6.93,414.832,470.112,2.9
7.01,510.258,200.676,2
7.02,344.746,290.606,1.5
7.14,468.207,283.938,2.4
6.94,490.56,485.579,2.3
7.98,309.328,297.602,3.6
7.56,490.058,259.55,1.7
8.08,405.039,450.387,2.1
6.65,346.44,576.966,3.7
8.47,475.159,562.433,2.7
7.39,350.51,352.354,2.7
8.01,394.276,289.769,1.1
8.49,339.087,397.803,2.4
8.86,523.993,596.764,4
6.88,389.43,525.036,3.4
6.77,383.747,333.246,4.1
8.23,534.563,321.607,3.2
7.04,349.583,455.426,1.2
6.61,454.357,313.768,2.3
8.67,365.303,354.486,3.6
7.68,480.261,289.948,1.4
8.9,547.564,282.174,1.6
8.5,525.67,408.622,4.4
7.61,450.479,407.677,1.5
8.88,310.639,268.161,1.9
8.74,543.627,551.83,2
7.69,354.165,236.363,3.6
8.27,405.955,298.456,1.7
8.43,315.669,388.759,3.9
8.61,263.983,456.576,1.7
8.56,463.427,533.94,4.9
6.55,418.016,511.61,1.4
7.75,543.865,588.952,5
8.46,538.704,238.588,3.5
7.5,437.876,359.732,1.4
8.15,350.462,442.845,4
7.07,431.675,305.317,2.4
8.48,492.584,316.344,3.6
8.81,307.844,414.42,4.2
8.56,403.523,386.028,2.6
6.82,325.867,343.039,3.7
8.42,250.042,550.505,2
7.59,434.355,322.638,3
7.43,312.583,580.432,1.5
8.01,333.211,578.06,2
8.69,356.119,581.18,4.4
8.55,379.715,560.683,4.3
7.69,528.838,530.064,3.5
7.95,391.437,571.783,1.3
6.73,371.987,386.211,3.8
8.57,391.465,369.469,3.7
6.99,545.102,500.986,3.3
8.67,476.079,343.979,3.1
7.48,513.425,388.063,4
7.58,309.44,570.031,3.8
6.63,525.798,209.513,3.6
6.87,527.604,470.512,1.7
8.03,348.244,585.018,2.6
8.75,381.566,229.865,2.2
6.63,368.001,233.213,2.5
8.68,435.377,201.685,4.9
8.68,353.065,272.244,2.5
8.84,296.83,435.464,1.1
8.71,368.443,259.158,3
8.19,405.505,280.337,3.4
6.6,424.191,417.883,3.8
7.95,544.368,514.353,1.5
8.45,418.348,305.094,3.3
6.94,529.723,518.896,1
8.34,323.13,430.068,1.5
6.92,307.443,567.92,4.3
6.73,393.169,229.296,3.9
7.52,300.592,446.899,3.6
7.49,423.353,362.412,4.9
7.15,504.365,320.186,3.8
7.92,444.549,373.988,1.2
8.67,483.322,550.027,4.6
7.96,335.231,291.258,1.2
8.43,276.08,331.5,4
8.2,330.808,545.25,3.5
6.63,502.917,323.804,4.9
6.7,270.09,266.47,1.1
8.55,518.477,479.893,2.6
6.53,424.211,496.188,2.6
6.7,547.843,552.92,3.1
8.08,452.882,550.265,1.6
8.85,311.782,482.802,1.1
8.61,342.905,443.524,2.2
7.67,485.702,544.673,3.5
6.85,432.604,345.613,2.6
7.56,488.782,248.701,2.4
7.74,465.816,299.609,4.7
8.54,530.443,389.109,1.9
7.79,303.086,234.346,1.7
8.07,536.555,290.755,4.8
7.43,349.514,401.901,4.8
8.32,347.618,481.488,4.3
8.41,345.84,276.58,1.8
8.74,389.181,516.224,3.2
7.98,416.632,465.953,1.1
8.7,470.631,352.182,3
8.76,350.551,477.306,3.4
8.55,530.074,559.153,3
7.42,346.817,407.236,1.4
8.06,361.805,306.665,1.1
8.27,301.269,513.048,3.6
7.33,524.189,491.898,2.5
8.15,301.512,362.361,4.7
8.17,527.806,362.689,4.2
8.39,477.41,356.225,4.4
8.04,414.759,341.015,3.7
8.98,476.918,345.578,3.3
8.95,341.862,483.662,2.3
7.48,450.831,479.207,4.8
8.53,355.041,267.199,3.4
7.49,327.089,495.367,3.4
7.85,538.934,355.909,3.7
7.45,509.059,343.753,2.8
7.42,495.851,401.775,2.5
7.72,521.002,512.946,2.3
8.6,280.17,318.611,4.8
7.8,291.173,214.198,3.3
8.1,420.35,316.632,1.1
6.99,414.5,367.362,2.7
7.91,271.559,524.434,2.4
8.73,448.764,429.026,4.8
6.58,464.32,336.811,2.5
6.93,371.489,314.374,5
8.11,510.736,307.73,2.7
6.53,271.522,566.546,1.5
7.08,363.212,364.785,3.4
8.59,261.773,526.486,1.4
7.13,308.119,361.407,2.3
6.62,278.434,382.352,3.1
8.21,468.231,224.115,3.3
6.95,515.996,242.424,1.5
8.07,329.515,432.455,5
7.65,448.359,306.872,4
7.9,254.639,284.854,4
8.63,301.983,490.172,4.4
7.76,381.763,564.9,1.1
7.27,323.244,263.17,4.5
8.94,319.851,353.727,4.4
8.52,260.606,550.211,3.5
8.82,348.318,366.628,4.4
7.97,252.014,324.405,2
7.91,512.46,373.825,1.1
8.41,444.207,280.644,3.4
8.89,518.296,409.722,3.2
7.45,260.236,424.41,4.8
7.38,429.116,524.164,4.9
6.78,418.812,347.832,2.1
7.6,264.262,365.633,1.8
7.27,546.855,421.193,4.4
7.34,460.732,569.257,4.3
8.48,350.798,304.913,3
8.29,506.13,581.639,3.3
6.52,315.229,410.439,3
7.97,415.495,446.171,2.8
7.51,298.942,328.262,2.7
8.06,546.664,280.786,1.3
7.64,366.179,449.345,2.4
7.01,488.671,445.571,3.1
8.71,313.746,500.886,2.1
7.29,513.674,396.324,4.4
7.59,528.107,500.666,4.5
8.88,268.003,336.442,4.4
6.62,492.853,210.704,2.5
8.32,461.313,457.647,3.1
7.85,477.247,451.358,1.2
7.57,523.323,552.373,3.4
7.19,344.57,276.159,2.9
8.7,395.619,329.57,1.6
7.61,326.723,317.156,3.8
7.53,470.963,385.188,1.1
8.66,303.399,534.659,3.5
7.06,399.83,474.55,2.8
7.86,473.119,236.877,2.7
7.45,433.452,445.914,2.1
8.04,279.595,497.947,2.8
8.61,408.09,281.856,3.4
7.71,368.299,292.235,4.1
8.57,475.139,282.944,2
7.65,320.343,534.637,1.6
8.92,309.623,513.418,3.2
8.16,387.935,438.917,1.9
8.76,307.312,367.718,2.9
8.86,255.945,440.034,1.8
7.59,386.642,295.272,3
7.87,367.108,311.832,2.8
7.81,490.478,530.528,2.4
7.14,253.538,399.516,2.2
6.53,271.729,541.016,2
7.85,350.861,345.181,3.5
7.72,531.031,596.112,5
8.31,451.28,595.23,4.9
8.02,410.098,407.736,1
8.21,391.268,341.518,1.5
6.72,532.356,504.527,3.3
7.68,458.457,229.201,4.9
8.1,352.506,337.968,4
6.92,289.04,277.096,3.9
8.05,398.992,324.88,2
6.84,327.88,552.737,3.9
7.07,407.847,486.905,4.5
8.2,332.436,526.044,4.4
8.91,346.484,345.859,4.3
6.59,548.238,501.806,3.8
8.83,440.728,286.588,3.3
7.29,449.279,464.074,4.3
8.63,387.052,391.507,3.4
6.88,374.019,434.301,4
8.98,271.693,274.306,2.6
7.95,425.68,543.758,4
8.3,401.54,425.304,3.2
7.88,370.754,227.031,1.8
8.05,478.957,465.327,1.3
8.05,432.133,480.014,4.5
7.55,476.782,228.471,2.8
8.11,420.536,358.962,4.6
7.63,455.209,274.039,1.2
8.65,536.772,207.951,4
7.16,502.314,464.424,2.5
8.65,441.254,425.135,3.4
8.99,330.668,302.522,1.6
8.6,505.321,290.044,2.5
7.79,385.502,442.454,2.2
6.63,301.281,391.06,2.6
7.52,470.167,304.088,2.3
8.26,374.533,318.158,4.6
8.55,272.698,597.853,3.3
7.19,296.342,467.272,3.8
8.74,308.389,283.703,2.3
9,303.939,513.629,4.9
6.53,454.291,252.166,4.6
7,389.237,553.722,4.9
7.3,419.847,401.443,3.1
8.64,335.759,354.005,4.3
8.93,443.518,523.465,4.9
6.75,418.186,407.139,3.6
8.92,273.359,328.36,3.1
8.38,259.544,471.885,2.7
6.69,337.901,532.505,2.3
6.92,314.376,429.093,2.8
7.07,397.121,319.785,3.2
8.75,534.134,556.187,3.1
6.74,380.131,375.435,2
7.89,312.298,405.531,2.6
8.51,398.187,218.462,1
8.56,524.89,355.353,2.2
8.51,317.815,480.309,2
7.02,279.562,476.759,3.2
8.34,261.291,245.748,2.5
7.32,379.658,241.471,4.3
8.49,462.218,261.47,2.2
7.88,524.872,479.163,4.7
6.76,340.647,519.749,2
9,303.731,477.525,4.2
8.38,299.973,495.391,1.2
8.39,431.065,541.126,3.4
7.31,387.544,201.582,1.5
8.01,546.17,317.839,4.9
8.19,450.865,442.63,2.3
7.04,486.573,427.172,2.7
6.79,348.67,457.485,2.9
6.67,293.456,537.251,2.3
8.76,474.54,569.947,2.3
7.06,253.535,334.897,1.7
6.5,253.888,453.7,2.5
7.9,538.803,539.087,3.4
8.61,331.727,499.805,4
6.56,373.618,206.078,1.8
7.37,333.345,271.749,1.3
7.13,293.308,247.568,3.3
7.2,387.951,387.656,3.5
8.74,322.476,383.663,4.9
8.19,505.48,278.213,4.6
7.22,421.82,298.546,2.2
7.48,445.842,438.181,1.5
7.53,347.086,254.989,3.6
8.74,435.748,339.748,3.8
6.51,452.036,421.604,3.4
7,479.282,247.444,3.6
7.28,369.835,561.573,2.1
7.74,372.343,369.782,1.5
7.54,277.936,527.259,1.1
8.62,453.332,346.369,3.9
7.99,372.035,498.156,1.6
6.5,286.156,503.823,2.3
7.79,541.892,229.624,5
8.04,539.052,257.56,2.3
8.89,470.948,493.4,4.9
7.08,510.892,320.974,4
8.34,313.786,588.826,1.9
6.94,272.09,368.764,4.5
8.58,497.329,392.492,3.9
6.61,380.187,317.034,3.4
6.62,429.063,515.011,1.6
6.56,540.731,215.025,2.4
8.4,334.547,296.474,2.3
7.08,505.155,255.666,1.8
6.72,451.667,377.174,2.6
8.18,421.786,243.561,4
8.48,531.639,204.819,2.7
6.62,287.797,501.636,4
8.81,435.678,528.302,3.9
6.88,378.496,596.29,4.6
8.31,419.947,321.535,3.4
8.86,383.286,378.942,4.3
6.6,440.268,314.693,1.6
6.78,473.723,298.542,4.8
7.78,319.524,552.045,1.9
9,442.903,200.601,1
7.76,423.996,432.95,4.6
7.09,422.772,367.435,4.8
6.64,444.685,572.776,4.6
8.65,527.993,200.062,1.5
8.75,539.867,457.003,1.5
8.2,443.859,547.838,1.9
8.69,546.677,503.285,1.2
8.49,281.942,545.268,3.5
8.53,429.933,566.214,2
7.74,373.792,254.647,4.2
7.23,312.454,490.935,1.2
8.47,549.512,374.911,4.7
6.96,429.47,307.425,1.7
7.08,269.157,389.507,3.5
8.73,452.469,348.546,4.8
7.22,427.666,256.455,4.8
8.25,307.881,278.891,1.1
7.16,299.386,245.585,1.1
6.76,493.789,593.167,1.1
8.36,460.022,386.156,3.1
8.23,445.423,512.165,2.7
8.05,417.796,276.639,3
7.56,470.477,286.112,1.9
8.54,261.66,249.858,1.9
8.89,321.832,574.521,3.9
8.29,490.998,243.097,1.1
7.41,508.494,228.255,2.3
8.18,381.287,272.47,1.3
7.85,480.959,428.69,3.7
6.85,499.188,356.3,4.6
7.51,526.406,258.877,4.1
8.86,351.532,376.202,2.3
6.9,311.453,329.529,1.2
7.07,479.176,244.572,4.7
7.14,339.885,309.394,2
7.75,410.743,363.26,1.2
8.57,374.161,530.204,1.3
6.82,349.484,366.898,5
6.85,458.843,506.843,1.8
6.91,540.67,474.271,1
6.67,392.785,290.506,4.4
8.4,388.603,458.59,2.2
8.05,543.514,292.952,2.4
8.05,309.763,426.287,3.6
8.04,389.858,342.756,3.2
8.37,282.545,456.299,4.5
7.54,332.525,546.235,4.6
8.68,363.54,593.064,3.6
8.66,382.329,315.422,4.3
6.71,530.568,204.876,2.3
7.84,315.334,361.636,4.6
7.17,306.825,581.812,2.4
7.02,485.986,416.727,1.4
7.25,548.303,325.72,1.6
6.7,485.038,448.71,2.2
6.69,300.476,202.631,4.2
7.88,408.82,549.115,4.1
6.87,317.479,583.396,4.3
6.53,299.083,322.979,4.4
8.06,451.976,375.546,2.9
8.05,440.749,550.505,2.8
6.81,374.69,410.206,2.3
8.6,371.908,545.273,3.6
7,450.832,224.818,1.6
8.84,263.716,490.249,2.4
7.06,442.882,464.936,2.3
8.37,488.267,596.261,1.4
7.28,488.038,475.847,3.7
7.58,460.203,453.107,2.3
7.81,407.744,261.653,2.8
6.94,364.875,322.79,5
7.01,394.129,503.533,3.5
8.73,438.711,216.433,1.4
8.96,276.61,467.985,2.7
8.37,525.653,481.035,1.4
8.76,395.59,496.07,4.4
7.52,453.659,261.652,3.9
7.79,317.466,316.106,2.6
7.87,422.152,213.406,3.4
7.38,343.041,317.47,4.8
6.5,498.163,267.952,4.1
8.27,310.683,256.456,4.4
8.01,477.883,498.2,1.7
7.37,494.555,359.419,4.4
8.29,503.286,236.898,3.9
8.59,462.381,352.36,4.6
8.13,370.903,545.87,2.4
8.58,330.962,535.114,1.9
7.12,520.027,421.46,1.2
6.78,312.482,536.006,4.6
6.67,370.007,222.704,2.9
8.21,349.832,212.965,4.9
7.54,456.616,382.473,3.3
7.99,316.167,316.745,3.1
7.71,489.943,352.466,1.3
8.3,526.162,564.331,1
7.34,488.418,294.933,2.9
8.35,442.269,542.425,4.5
7.75,481.046,557.947,1.5
8.12,403.917,521.047,2.4
7.68,256.831,276.071,4.8
8.15,251.925,285.842,3
8.28,319.962,263.653,1.5
6.68,438.989,492.325,2.6
8.02,330.957,434.968,2.8
7.06,256.296,247.059,2.1
8.55,514.023,571.861,3.5
7.81,308.375,453.679,4
7.5,313.806,580.007,1.8
7.56,509.071,581.505,3
7.67,506.655,432.884,3.5
8.11,335.054,484.891,2.5
7.4,517.143,403.776,3.6
7.42,458.587,395.706,3.5
8.75,391.475,385.953,4.3
7.63,279.734,500.765,3.9
8.59,358.877,540.856,3.8
7.54,504.727,357.932,4.5
7.06,519.253,466.359,1.9
7.48,372.512,444.962,2.2
8.14,277.265,586.72,5
7.37,321.14,599.77,2.5
7.48,430.934,202.883,2.5
6.69,318.894,219.992,4.9
7.07,530.978,422.163,2.1
7.8,296.479,335.563,4.7
8.6,260.179,241.667,1.3
8.07,523.546,319.705,4.3
8.37,459.814,238.809,2
6.64,362.128,563.833,2.6
8.01,467.901,388.664,3.3
8.65,453.64,346.827,2.8
7.72,482.678,479.227,3.4
8.41,376.712,361.625,4
8.58,338.865,547.827,4.3
7.9,342.938,340.805,2.1
7.63,388.738,494.489,2.1
7.74,277.729,589.829,2.4
6.91,499.942,575.332,3.2
7.4,296.269,480.552,3.2
6.89,346.862,404.904,3.9
8.78,464.003,398.412,4.8
7.23,365.645,458.589,4.4
7.92,268.391,272.315,3.2
8.94,482.697,254.679,2.7
8.73,431.043,305.735,4
8.43,293.078,255.218,4.3
6.71,526.066,226.177,4.6
7.75,421.189,547.478,3
8.61,374.669,542.63,1.9
7.54,265.882,206.922,3.9
7.21,395.345,584.612,2
8.08,525.281,593.828,1
7.92,319.633,418.216,1.4
8.3,388.619,222.251,4.8
8.11,491.716,561.204,3.9
8.79,482.047,473.007,4.1
8.15,457.286,551.962,1.6
7.15,416.192,400.389,3.2
8.85,422.34,271.449,2.7
7.13,387.827,210.401,3.8
8.88,432.641,575.637,3.7
8.92,276.508,584.398,3.4
8.19,372.766,446.949,3.8
8.9,414.311,571.195,1.3
6.58,322.43,544.737,3.3
6.71,376.393,353.791,1.2
7.61,547.464,211.751,4.1
7.76,391.978,470.242,1.4
7.82,384.961,307.738,2.9
8.17,423.943,503.681,4.1
7.4,297.563,560.496,4.4
7.54,478.501,423.364,5
8.43,539.866,430.888,3
8.9,411.927,374.088,1.2
6.89,371.356,219.222,2
8.04,454.795,261.902,3.4
